,Country or area,Country code,Major area,Major area code,Region,Region code,Sub-Saharan Africa,Development status
15,Albania,8,Europe,908,Southern Europe,925,No,Developed region
16,Algeria,12,Africa,903,Northern Africa,912,No,Neither Developed region nor Least developed country
17,American Samoa,16,Oceania,909,Polynesia,957,No,Neither Developed region nor Least developed country
18,Andorra,20,Europe,908,Southern Europe,925,No,Developed region
19,Angola,24,Africa,903,Middle Africa,911,Yes,Least developed country
20,Anguilla,660,Latin America and the Caribbean,904,Caribbean,915,No,Neither Developed region nor Least developed country
21,Antigua and Barbuda,28,Latin America and the Caribbean,904,Caribbean,915,No,Neither Developed region nor Least developed country
22,Argentina,32,Latin America and the Caribbean,904,South America,931,No,Neither Developed region nor Least developed country
23,Armenia,51,Asia,935,Western Asia,922,No,Neither Developed region nor Least developed country
24,Aruba,533,Latin America and the Caribbean,904,Caribbean,915,No,Neither Developed region nor Least developed country
25,Australia,36,Oceania,909,Australia and New Zealand,927,No,Developed region
26,Austria,40,Europe,908,Western Europe,926,No,Developed region
27,Azerbaijan,31,Asia,935,Western Asia,922,No,Neither Developed region nor Least developed country
28,Bahamas,44,Latin America and the Caribbean,904,Caribbean,915,No,Neither Developed region nor Least developed country
29,Bahrain,48,Asia,935,Western Asia,922,No,Neither Developed region nor Least developed country
30,Bangladesh,50,Asia,935,Southern Asia,5501,No,Least developed country
31,Barbados,52,Latin America and the Caribbean,904,Caribbean,915,No,Neither Developed region nor Least developed country
32,Belarus,112,Europe,908,Eastern Europe,923,No,Developed region
33,Belgium,56,Europe,908,Western Europe,926,No,Developed region
34,Belize,84,Latin America and the Caribbean,904,Central America,916,No,Neither Developed region nor Least developed country
35,Benin,204,Africa,903,Western Africa,914,Yes,Least developed country
36,Bermuda,60,Northern America,905,Northern America,905,No,Developed region
37,Bhutan,64,Asia,935,Southern Asia,5501,No,Least developed country
38,Bolivia (Plurinational State of),68,Latin America and the Caribbean,904,South America,931,No,Neither Developed region nor Least developed country
39,Bosnia and Herzegovina,70,Europe,908,Southern Europe,925,No,Developed region
40,Botswana,72,Africa,903,Southern Africa,913,Yes,Neither Developed region nor Least developed country
41,Brazil,76,Latin America and the Caribbean,904,South America,931,No,Neither Developed region nor Least developed country
42,British Virgin Islands,92,Latin America and the Caribbean,904,Caribbean,915,No,Neither Developed region nor Least developed country
43,Brunei Darussalam,96,Asia,935,South-Eastern Asia,920,No,Neither Developed region nor Least developed country
44,Bulgaria,100,Europe,908,Eastern Europe,923,No,Developed region
45,Burkina Faso,854,Africa,903,Western Africa,914,Yes,Least developed country
46,Burundi,108,Africa,903,Eastern Africa,910,Yes,Least developed country
47,Cambodia,116,Asia,935,South-Eastern Asia,920,No,Least developed country
48,Cameroon,120,Africa,903,Middle Africa,911,Yes,Neither Developed region nor Least developed country
49,Canada,124,Northern America,905,Northern America,905,No,Developed region
50,Cabo Verde,132,Africa,903,Western Africa,914,Yes,Neither Developed region nor Least developed country
51,"Bonaire, Sint Eustatius and Saba",535,Latin America and the Caribbean,904,Caribbean,915,No,Neither Developed region nor Least developed country
52,Cayman Islands,136,Latin America and the Caribbean,904,Caribbean,915,No,Neither Developed region nor Least developed country
53,Central African Republic,140,Africa,903,Middle Africa,911,Yes,Least developed country
54,Chad,148,Africa,903,Middle Africa,911,Yes,Least developed country
55,Channel Islands,830,Europe,908,Northern Europe,924,No,Developed region
56,Chile,152,Latin America and the Caribbean,904,South America,931,No,Neither Developed region nor Least developed country
57,China,156,Asia,935,Eastern Asia,906,No,Neither Developed region nor Least developed country
58,"China, Hong Kong Special Administrative Region",344,Asia,935,Eastern Asia,906,No,Neither Developed region nor Least developed country
59,"China, Macao Special Administrative Region",446,Asia,935,Eastern Asia,906,No,Neither Developed region nor Least developed country
60,Colombia,170,Latin America and the Caribbean,904,South America,931,No,Neither Developed region nor Least developed country
61,Comoros,174,Africa,903,Eastern Africa,910,Yes,Least developed country
62,Congo,178,Africa,903,Middle Africa,911,Yes,Neither Developed region nor Least developed country
63,Cook Islands,184,Oceania,909,Polynesia,957,No,Neither Developed region nor Least developed country
64,Costa Rica,188,Latin America and the Caribbean,904,Central America,916,No,Neither Developed region nor Least developed country
65,Côte d'Ivoire,384,Africa,903,Western Africa,914,Yes,Neither Developed region nor Least developed country
66,Croatia,191,Europe,908,Southern Europe,925,No,Developed region
67,Cuba,192,Latin America and the Caribbean,904,Caribbean,915,No,Neither Developed region nor Least developed country
68,Curaçao,531,Latin America and the Caribbean,904,Caribbean,915,No,Neither Developed region nor Least developed country
69,Cyprus,196,Asia,935,Western Asia,922,No,Neither Developed region nor Least developed country
70,Czech Republic,203,Europe,908,Eastern Europe,923,No,Developed region
71,Democratic People's Republic of Korea,408,Asia,935,Eastern Asia,906,No,Neither Developed region nor Least developed country
72,Democratic Republic of the Congo,180,Africa,903,Middle Africa,911,Yes,Least developed country
73,Denmark,208,Europe,908,Northern Europe,924,No,Developed region
74,Djibouti,262,Africa,903,Eastern Africa,910,Yes,Least developed country
75,Dominica,212,Latin America and the Caribbean,904,Caribbean,915,No,Neither Developed region nor Least developed country
76,Dominican Republic,214,Latin America and the Caribbean,904,Caribbean,915,No,Neither Developed region nor Least developed country
77,Ecuador,218,Latin America and the Caribbean,904,South America,931,No,Neither Developed region nor Least developed country
78,Egypt,818,Africa,903,Northern Africa,912,No,Neither Developed region nor Least developed country
79,El Salvador,222,Latin America and the Caribbean,904,Central America,916,No,Neither Developed region nor Least developed country
80,Equatorial Guinea,226,Africa,903,Middle Africa,911,Yes,Least developed country
81,Eritrea,232,Africa,903,Eastern Africa,910,Yes,Least developed country
82,Estonia,233,Europe,908,Northern Europe,924,No,Developed region
83,Ethiopia,231,Africa,903,Eastern Africa,910,Yes,Least developed country
84,Faeroe Islands,234,Europe,908,Northern Europe,924,No,Developed region
85,Falkland Islands (Malvinas),238,Latin America and the Caribbean,904,South America,931,No,Neither Developed region nor Least developed country
86,Fiji,242,Oceania,909,Melanesia,928,No,Neither Developed region nor Least developed country
87,Finland,246,Europe,908,Northern Europe,924,No,Developed region
88,France,250,Europe,908,Western Europe,926,No,Developed region
89,French Guiana,254,Latin America and the Caribbean,904,South America,931,No,Neither Developed region nor Least developed country
90,French Polynesia,258,Oceania,909,Polynesia,957,No,Neither Developed region nor Least developed country
91,Gabon,266,Africa,903,Middle Africa,911,Yes,Neither Developed region nor Least developed country
92,Gambia,270,Africa,903,Western Africa,914,Yes,Least developed country
93,Georgia,268,Asia,935,Western Asia,922,No,Neither Developed region nor Least developed country
94,Germany,276,Europe,908,Western Europe,926,No,Developed region
95,Ghana,288,Africa,903,Western Africa,914,Yes,Neither Developed region nor Least developed country
96,Gibraltar,292,Europe,908,Southern Europe,925,No,Developed region
97,Greece,300,Europe,908,Southern Europe,925,No,Developed region
98,Greenland,304,Northern America,905,Northern America,905,No,Developed region
99,Grenada,308,Latin America and the Caribbean,904,Caribbean,915,No,Neither Developed region nor Least developed country
100,Guadeloupe,312,Latin America and the Caribbean,904,Caribbean,915,No,Neither Developed region nor Least developed country
101,Guam,316,Oceania,909,Micronesia,954,No,Neither Developed region nor Least developed country
102,Guatemala,320,Latin America and the Caribbean,904,Central America,916,No,Neither Developed region nor Least developed country
103,Guinea,324,Africa,903,Western Africa,914,Yes,Least developed country
104,Guinea-Bissau,624,Africa,903,Western Africa,914,Yes,Least developed country
105,Guyana,328,Latin America and the Caribbean,904,South America,931,No,Neither Developed region nor Least developed country
106,Haiti,332,Latin America and the Caribbean,904,Caribbean,915,No,Least developed country
107,Holy See,336,Europe,908,Southern Europe,925,No,Developed region
108,Honduras,340,Latin America and the Caribbean,904,Central America,916,No,Neither Developed region nor Least developed country
109,Hungary,348,Europe,908,Eastern Europe,923,No,Developed region
110,Iceland,352,Europe,908,Northern Europe,924,No,Developed region
111,India,356,Asia,935,Southern Asia,5501,No,Neither Developed region nor Least developed country
112,Indonesia,360,Asia,935,South-Eastern Asia,920,No,Neither Developed region nor Least developed country
113,Iran (Islamic Republic of),364,Asia,935,Southern Asia,5501,No,Neither Developed region nor Least developed country
114,Iraq,368,Asia,935,Western Asia,922,No,Neither Developed region nor Least developed country
115,Ireland,372,Europe,908,Northern Europe,924,No,Developed region
116,Isle of Man,833,Europe,908,Northern Europe,924,No,Developed region
117,Israel,376,Asia,935,Western Asia,922,No,Neither Developed region nor Least developed country
118,Italy,380,Europe,908,Southern Europe,925,No,Developed region
119,Jamaica,388,Latin America and the Caribbean,904,Caribbean,915,No,Neither Developed region nor Least developed country
120,Japan,392,Asia,935,Eastern Asia,906,No,Developed region
121,Jordan,400,Asia,935,Western Asia,922,No,Neither Developed region nor Least developed country
122,Kazakhstan,398,Asia,935,Central Asia,5500,No,Neither Developed region nor Least developed country
123,Kenya,404,Africa,903,Eastern Africa,910,Yes,Neither Developed region nor Least developed country
124,Kiribati,296,Oceania,909,Micronesia,954,No,Least developed country
125,Kuwait,414,Asia,935,Western Asia,922,No,Neither Developed region nor Least developed country
126,Kyrgyzstan,417,Asia,935,Central Asia,5500,No,Neither Developed region nor Least developed country
127,Lao People's Democratic Republic,418,Asia,935,South-Eastern Asia,920,No,Least developed country
128,Latvia,428,Europe,908,Northern Europe,924,No,Developed region
129,Lebanon,422,Asia,935,Western Asia,922,No,Neither Developed region nor Least developed country
130,Lesotho,426,Africa,903,Southern Africa,913,Yes,Least developed country
131,Liberia,430,Africa,903,Western Africa,914,Yes,Least developed country
132,Libya,434,Africa,903,Northern Africa,912,No,Neither Developed region nor Least developed country
133,Liechtenstein,438,Europe,908,Western Europe,926,No,Developed region
134,Lithuania,440,Europe,908,Northern Europe,924,No,Developed region
135,Luxembourg,442,Europe,908,Western Europe,926,No,Developed region
136,Madagascar,450,Africa,903,Eastern Africa,910,Yes,Least developed country
137,Malawi,454,Africa,903,Eastern Africa,910,Yes,Least developed country
138,Malaysia,458,Asia,935,South-Eastern Asia,920,No,Neither Developed region nor Least developed country
139,Maldives,462,Asia,935,Southern Asia,5501,No,Neither Developed region nor Least developed country
140,Mali,466,Africa,903,Western Africa,914,Yes,Least developed country
141,Malta,470,Europe,908,Southern Europe,925,No,Developed region
142,Marshall Islands,584,Oceania,909,Micronesia,954,No,Neither Developed region nor Least developed country
143,Martinique,474,Latin America and the Caribbean,904,Caribbean,915,No,Neither Developed region nor Least developed country
144,Mauritania,478,Africa,903,Western Africa,914,Yes,Least developed country
145,Mauritius,480,Africa,903,Eastern Africa,910,Yes,Neither Developed region nor Least developed country
146,Mayotte,175,Africa,903,Eastern Africa,910,Yes,Neither Developed region nor Least developed country
147,Mexico,484,Latin America and the Caribbean,904,Central America,916,No,Neither Developed region nor Least developed country
148,Micronesia (Federated States of),583,Oceania,909,Micronesia,954,No,Neither Developed region nor Least developed country
149,Monaco,492,Europe,908,Western Europe,926,No,Developed region
150,Mongolia,496,Asia,935,Eastern Asia,906,No,Neither Developed region nor Least developed country
151,Montenegro,499,Europe,908,Southern Europe,925,No,Developed region
152,Montserrat,500,Latin America and the Caribbean,904,Caribbean,915,No,Neither Developed region nor Least developed country
153,Morocco,504,Africa,903,Northern Africa,912,No,Neither Developed region nor Least developed country
154,Mozambique,508,Africa,903,Eastern Africa,910,Yes,Least developed country
155,Myanmar,104,Asia,935,South-Eastern Asia,920,No,Least developed country
156,Namibia,516,Africa,903,Southern Africa,913,Yes,Neither Developed region nor Least developed country
157,Nauru,520,Oceania,909,Micronesia,954,No,Neither Developed region nor Least developed country
158,Nepal,524,Asia,935,Southern Asia,5501,No,Least developed country
159,Netherlands,528,Europe,908,Western Europe,926,No,Developed region
160,New Caledonia,540,Oceania,909,Melanesia,928,No,Neither Developed region nor Least developed country
161,New Zealand,554,Oceania,909,Australia and New Zealand,927,No,Developed region
162,Nicaragua,558,Latin America and the Caribbean,904,Central America,916,No,Neither Developed region nor Least developed country
163,Niger,562,Africa,903,Western Africa,914,Yes,Least developed country
164,Nigeria,566,Africa,903,Western Africa,914,Yes,Neither Developed region nor Least developed country
165,Niue,570,Oceania,909,Polynesia,957,No,Neither Developed region nor Least developed country
166,Northern Mariana Islands,580,Oceania,909,Micronesia,954,No,Neither Developed region nor Least developed country
167,Norway,578,Europe,908,Northern Europe,924,No,Developed region
168,Oman,512,Asia,935,Western Asia,922,No,Neither Developed region nor Least developed country
169,Pakistan,586,Asia,935,Southern Asia,5501,No,Neither Developed region nor Least developed country
170,Palau,585,Oceania,909,Micronesia,954,No,Neither Developed region nor Least developed country
171,Panama,591,Latin America and the Caribbean,904,Central America,916,No,Neither Developed region nor Least developed country
172,Papua New Guinea,598,Oceania,909,Melanesia,928,No,Neither Developed region nor Least developed country
173,Paraguay,600,Latin America and the Caribbean,904,South America,931,No,Neither Developed region nor Least developed country
174,Peru,604,Latin America and the Caribbean,904,South America,931,No,Neither Developed region nor Least developed country
175,Philippines,608,Asia,935,South-Eastern Asia,920,No,Neither Developed region nor Least developed country
176,Poland,616,Europe,908,Eastern Europe,923,No,Developed region
177,Portugal,620,Europe,908,Southern Europe,925,No,Developed region
178,Puerto Rico,630,Latin America and the Caribbean,904,Caribbean,915,No,Neither Developed region nor Least developed country
179,Qatar,634,Asia,935,Western Asia,922,No,Neither Developed region nor Least developed country
180,Republic of Korea,410,Asia,935,Eastern Asia,906,No,Neither Developed region nor Least developed country
181,Republic of Moldova,498,Europe,908,Eastern Europe,923,No,Developed region
182,Réunion,638,Africa,903,Eastern Africa,910,Yes,Neither Developed region nor Least developed country
183,Romania,642,Europe,908,Eastern Europe,923,No,Developed region
184,Russian Federation,643,Europe,908,Eastern Europe,923,No,Developed region
185,Rwanda,646,Africa,903,Eastern Africa,910,Yes,Least developed country
186,Saint Helena,654,Africa,903,Western Africa,914,Yes,Neither Developed region nor Least developed country
187,Saint Kitts and Nevis,659,Latin America and the Caribbean,904,Caribbean,915,No,Neither Developed region nor Least developed country
188,Saint Lucia,662,Latin America and the Caribbean,904,Caribbean,915,No,Neither Developed region nor Least developed country
189,Saint Pierre and Miquelon,666,Northern America,905,Northern America,905,No,Developed region
190,Saint Vincent and the Grenadines,670,Latin America and the Caribbean,904,Caribbean,915,No,Neither Developed region nor Least developed country
191,Samoa,882,Oceania,909,Polynesia,957,No,Neither Developed region nor Least developed country
192,San Marino,674,Europe,908,Southern Europe,925,No,Developed region
193,Sao Tome and Principe,678,Africa,903,Middle Africa,911,Yes,Least developed country
194,Saudi Arabia,682,Asia,935,Western Asia,922,No,Neither Developed region nor Least developed country
195,Senegal,686,Africa,903,Western Africa,914,Yes,Least developed country
196,Serbia,688,Europe,908,Southern Europe,925,No,Developed region
197,Seychelles,690,Africa,903,Eastern Africa,910,Yes,Neither Developed region nor Least developed country
198,Sierra Leone,694,Africa,903,Western Africa,914,Yes,Least developed country
199,Singapore,702,Asia,935,South-Eastern Asia,920,No,Neither Developed region nor Least developed country
200,Sint Maarten (Dutch part),534,Latin America and the Caribbean,904,Caribbean,915,No,Neither Developed region nor Least developed country
201,Slovakia,703,Europe,908,Eastern Europe,923,No,Developed region
202,Slovenia,705,Europe,908,Southern Europe,925,No,Developed region
203,Solomon Islands,90,Oceania,909,Melanesia,928,No,Least developed country
204,Somalia,706,Africa,903,Eastern Africa,910,Yes,Least developed country
205,South Africa,710,Africa,903,Southern Africa,913,Yes,Neither Developed region nor Least developed country
206,South Sudan,728,Africa,903,Eastern Africa,910,Yes,Least developed country
207,Spain,724,Europe,908,Southern Europe,925,No,Developed region
208,Sri Lanka,144,Asia,935,Southern Asia,5501,No,Neither Developed region nor Least developed country
209,State of Palestine,275,Asia,935,Western Asia,922,No,Neither Developed region nor Least developed country
210,Sudan,729,Africa,903,Northern Africa,912,Yes,Least developed country
211,Suriname,740,Latin America and the Caribbean,904,South America,931,No,Neither Developed region nor Least developed country
212,Swaziland,748,Africa,903,Southern Africa,913,Yes,Neither Developed region nor Least developed country
213,Sweden,752,Europe,908,Northern Europe,924,No,Developed region
214,Switzerland,756,Europe,908,Western Europe,926,No,Developed region
215,Syrian Arab Republic,760,Asia,935,Western Asia,922,No,Neither Developed region nor Least developed country
216,Tajikistan,762,Asia,935,Central Asia,5500,No,Neither Developed region nor Least developed country
217,Thailand,764,Asia,935,South-Eastern Asia,920,No,Neither Developed region nor Least developed country
218,The former Yugoslav Republic of Macedonia,807,Europe,908,Southern Europe,925,No,Developed region
219,Timor-Leste,626,Asia,935,South-Eastern Asia,920,No,Least developed country
220,Togo,768,Africa,903,Western Africa,914,Yes,Least developed country
221,Tokelau,772,Oceania,909,Polynesia,957,No,Neither Developed region nor Least developed country
222,Tonga,776,Oceania,909,Polynesia,957,No,Neither Developed region nor Least developed country
223,Trinidad and Tobago,780,Latin America and the Caribbean,904,Caribbean,915,No,Neither Developed region nor Least developed country
224,Tunisia,788,Africa,903,Northern Africa,912,No,Neither Developed region nor Least developed country
225,Turkey,792,Asia,935,Western Asia,922,No,Neither Developed region nor Least developed country
226,Turkmenistan,795,Asia,935,Central Asia,5500,No,Neither Developed region nor Least developed country
227,Turks and Caicos Islands,796,Latin America and the Caribbean,904,Caribbean,915,No,Neither Developed region nor Least developed country
228,Tuvalu,798,Oceania,909,Polynesia,957,No,Least developed country
229,Uganda,800,Africa,903,Eastern Africa,910,Yes,Least developed country
230,Ukraine,804,Europe,908,Eastern Europe,923,No,Developed region
231,United Arab Emirates,784,Asia,935,Western Asia,922,No,Neither Developed region nor Least developed country
232,United Kingdom of Great Britain and Northern Ireland,826,Europe,908,Northern Europe,924,No,Developed region
233,United Republic of Tanzania,834,Africa,903,Eastern Africa,910,Yes,Least developed country
234,United States of America,840,Northern America,905,Northern America,905,No,Developed region
235,United States Virgin Islands,850,Latin America and the Caribbean,904,Caribbean,915,No,Neither Developed region nor Least developed country
236,Uruguay,858,Latin America and the Caribbean,904,South America,931,No,Neither Developed region nor Least developed country
237,Uzbekistan,860,Asia,935,Central Asia,5500,No,Neither Developed region nor Least developed country
238,Vanuatu,548,Oceania,909,Melanesia,928,No,Least developed country
239,Venezuela (Bolivarian Republic of),862,Latin America and the Caribbean,904,South America,931,No,Neither Developed region nor Least developed country
240,Viet Nam,704,Asia,935,South-Eastern Asia,920,No,Neither Developed region nor Least developed country
241,Wallis and Futuna Islands,876,Oceania,909,Polynesia,957,No,Neither Developed region nor Least developed country
242,Western Sahara,732,Africa,903,Northern Africa,912,No,Neither Developed region nor Least developed country
243,Yemen,887,Asia,935,Western Asia,922,No,Least developed country
244,Zambia,894,Africa,903,Eastern Africa,910,Yes,Least developed country
245,Zimbabwe,716,Africa,903,Eastern Africa,910,Yes,Neither Developed region nor Least developed country
