,Female migrants as a percentage of the international migrant stock,ID
0,49.0,WORLD-1990-F
1,51.1,Developed regions-1990-F
2,46.6,Developing regions-1990-F
3,47.3,Least developed countries-1990-F
4,46.5,Less developed regions excluding least developed countries-1990-F
5,47.3,Sub-Saharan Africa-1990-F
6,47.2,Africa-1990-F
7,48.5,Eastern Africa-1990-F
8,51.0,Burundi-1990-F
9,52.3,Comoros-1990-F
10,47.4,Djibouti-1990-F
11,47.4,Eritrea-1990-F
12,47.4,Ethiopia-1990-F
13,45.9,Kenya-1990-F
14,44.2,Madagascar-1990-F
15,51.5,Malawi-1990-F
16,51.2,Mauritius-1990-F
17,42.3,Mayotte-1990-F
18,46.0,Mozambique-1990-F
19,46.3,Réunion-1990-F
20,49.5,Rwanda-1990-F
21,40.8,Seychelles-1990-F
22,48.9,Somalia-1990-F
23,..,South Sudan-1990-F
24,48.0,Uganda-1990-F
25,50.6,United Republic of Tanzania-1990-F
26,48.8,Zambia-1990-F
27,43.8,Zimbabwe-1990-F
28,49.0,Middle Africa-1990-F
29,45.9,Angola-1990-F
30,45.2,Cameroon-1990-F
31,46.9,Central African Republic-1990-F
32,46.0,Chad-1990-F
33,50.3,Congo-1990-F
34,51.9,Democratic Republic of the Congo-1990-F
35,46.5,Equatorial Guinea-1990-F
36,42.9,Gabon-1990-F
37,47.1,Sao Tome and Principe-1990-F
38,48.8,Northern Africa-1990-F
39,45.2,Algeria-1990-F
40,47.1,Egypt-1990-F
41,46.9,Libya-1990-F
42,47.1,Morocco-1990-F
43,50.4,Sudan-1990-F
44,50.2,Tunisia-1990-F
45,45.5,Western Sahara-1990-F
46,39.6,Southern Africa-1990-F
47,39.6,Botswana-1990-F
48,47.6,Lesotho-1990-F
49,47.2,Namibia-1990-F
50,38.4,South Africa-1990-F
51,45.9,Swaziland-1990-F
52,46.5,Western Africa-1990-F
53,47.4,Benin-1990-F
54,52.0,Burkina Faso-1990-F
55,50.4,Cabo Verde-1990-F
56,44.3,Côte d'Ivoire-1990-F
57,43.9,Gambia-1990-F
58,49.6,Ghana-1990-F
59,50.1,Guinea-1990-F
60,50.0,Guinea-Bissau-1990-F
61,43.2,Liberia-1990-F
62,49.0,Mali-1990-F
63,48.4,Mauritania-1990-F
64,52.2,Niger-1990-F
65,43.9,Nigeria-1990-F
66,42.0,Saint Helena-1990-F
67,48.7,Senegal-1990-F
68,44.6,Sierra Leone-1990-F
69,49.4,Togo-1990-F
70,46.0,Asia-1990-F
71,55.2,Central Asia-1990-F
72,54.0,Kazakhstan-1990-F
73,58.2,Kyrgyzstan-1990-F
74,56.1,Tajikistan-1990-F
75,56.2,Turkmenistan-1990-F
76,56.2,Uzbekistan-1990-F
77,49.3,Eastern Asia-1990-F
78,49.0,China-1990-F
79,49.3,"China, Hong Kong Special Administrative Region-1990-F"
80,53.0,"China, Macao Special Administrative Region-1990-F"
81,49.0,Democratic People's Republic of Korea-1990-F
82,49.1,Japan-1990-F
83,49.1,Mongolia-1990-F
84,43.7,Republic of Korea-1990-F
85,47.5,South-Eastern Asia-1990-F
86,42.8,Brunei Darussalam-1990-F
87,50.3,Cambodia-1990-F
88,50.6,Indonesia-1990-F
89,48.4,Lao People's Democratic Republic-1990-F
90,41.7,Malaysia-1990-F
91,45.9,Myanmar-1990-F
92,47.2,Philippines-1990-F
93,52.4,Singapore-1990-F
94,46.4,Thailand-1990-F
95,50.3,Timor-Leste-1990-F
96,45.8,Viet Nam-1990-F
97,45.5,Southern Asia-1990-F
98,43.6,Afghanistan-1990-F
99,13.9,Bangladesh-1990-F
100,18.5,Bhutan-1990-F
101,47.8,India-1990-F
102,42.8,Iran (Islamic Republic of)-1990-F
103,45.0,Maldives-1990-F
104,70.7,Nepal-1990-F
105,47.4,Pakistan-1990-F
106,43.6,Sri Lanka-1990-F
107,41.5,Western Asia-1990-F
108,58.9,Armenia-1990-F
109,56.2,Azerbaijan-1990-F
110,29.1,Bahrain-1990-F
111,53.3,Cyprus-1990-F
112,56.2,Georgia-1990-F
113,33.3,Iraq-1990-F
114,52.8,Israel-1990-F
115,48.8,Jordan-1990-F
116,39.0,Kuwait-1990-F
117,48.8,Lebanon-1990-F
118,20.2,Oman-1990-F
119,27.1,Qatar-1990-F
120,33.5,Saudi Arabia-1990-F
121,54.2,State of Palestine-1990-F
122,49.0,Syrian Arab Republic-1990-F
123,50.4,Turkey-1990-F
124,28.7,United Arab Emirates-1990-F
125,43.6,Yemen-1990-F
126,51.3,Europe-1990-F
127,53.6,Eastern Europe-1990-F
128,54.2,Belarus-1990-F
129,57.9,Bulgaria-1990-F
130,48.0,Czech Republic-1990-F
131,55.1,Hungary-1990-F
132,57.2,Poland-1990-F
133,56.0,Republic of Moldova-1990-F
134,57.6,Romania-1990-F
135,50.9,Russian Federation-1990-F
136,56.0,Slovakia-1990-F
137,57.2,Ukraine-1990-F
138,52.2,Northern Europe-1990-F
139,53.0,Channel Islands-1990-F
140,51.4,Denmark-1990-F
141,55.1,Estonia-1990-F
142,43.1,Faeroe Islands-1990-F
143,49.9,Finland-1990-F
144,55.7,Iceland-1990-F
145,50.8,Ireland-1990-F
146,52.9,Isle of Man-1990-F
147,55.0,Latvia-1990-F
148,52.9,Lithuania-1990-F
149,48.3,Norway-1990-F
150,51.4,Sweden-1990-F
151,51.9,United Kingdom of Great Britain and Northern Ireland-1990-F
152,52.5,Southern Europe-1990-F
153,53.7,Albania-1990-F
154,46.5,Andorra-1990-F
155,52.6,Bosnia and Herzegovina-1990-F
156,53.2,Croatia-1990-F
157,48.0,Gibraltar-1990-F
158,46.6,Greece-1990-F
159,51.2,Holy See-1990-F
160,55.0,Italy-1990-F
161,53.5,Malta-1990-F
162,..,Montenegro-1990-F
163,51.8,Portugal-1990-F
164,47.8,San Marino-1990-F
165,52.9,Serbia-1990-F
166,49.7,Slovenia-1990-F
167,52.5,Spain-1990-F
168,58.3,The former Yugoslav Republic of Macedonia-1990-F
169,47.6,Western Europe-1990-F
170,53.6,Austria-1990-F
171,46.1,Belgium-1990-F
172,49.1,France-1990-F
173,44.5,Germany-1990-F
174,45.4,Liechtenstein-1990-F
175,50.7,Luxembourg-1990-F
176,53.5,Monaco-1990-F
177,49.9,Netherlands-1990-F
178,49.6,Switzerland-1990-F
179,49.8,Latin America and the Caribbean-1990-F
180,48.0,Caribbean-1990-F
181,51.1,Anguilla-1990-F
182,52.0,Antigua and Barbuda-1990-F
183,55.5,Aruba-1990-F
184,48.5,Bahamas-1990-F
185,58.1,Barbados-1990-F
186,55.1,"Bonaire, Sint Eustatius and Saba-1990-F"
187,48.6,British Virgin Islands-1990-F
188,50.8,Cayman Islands-1990-F
189,50.0,Cuba-1990-F
190,..,Curaçao-1990-F
191,48.0,Dominica-1990-F
192,37.6,Dominican Republic-1990-F
193,50.6,Grenada-1990-F
194,50.4,Guadeloupe-1990-F
195,44.4,Haiti-1990-F
196,51.3,Jamaica-1990-F
197,50.7,Martinique-1990-F
198,48.9,Montserrat-1990-F
199,52.4,Puerto Rico-1990-F
200,48.8,Saint Kitts and Nevis-1990-F
201,50.7,Saint Lucia-1990-F
202,51.4,Saint Vincent and the Grenadines-1990-F
203,..,Sint Maarten (Dutch part)-1990-F
204,53.6,Trinidad and Tobago-1990-F
205,48.2,Turks and Caicos Islands-1990-F
206,52.2,United States Virgin Islands-1990-F
207,50.6,Central America-1990-F
208,46.1,Belize-1990-F
209,49.2,Costa Rica-1990-F
210,53.1,El Salvador-1990-F
211,57.4,Guatemala-1990-F
212,49.1,Honduras-1990-F
213,49.9,Mexico-1990-F
214,49.6,Nicaragua-1990-F
215,47.2,Panama-1990-F
216,49.9,South America-1990-F
217,52.2,Argentina-1990-F
218,49.1,Bolivia (Plurinational State of)-1990-F
219,46.6,Brazil-1990-F
220,49.3,Chile-1990-F
221,49.1,Colombia-1990-F
222,51.0,Ecuador-1990-F
223,42.9,Falkland Islands (Malvinas)-1990-F
224,45.2,French Guiana-1990-F
225,46.3,Guyana-1990-F
226,47.5,Paraguay-1990-F
227,50.0,Peru-1990-F
228,46.0,Suriname-1990-F
229,53.3,Uruguay-1990-F
230,49.5,Venezuela (Bolivarian Republic of)-1990-F
231,51.1,Northern America-1990-F
232,51.8,Bermuda-1990-F
233,51.3,Canada-1990-F
234,30.3,Greenland-1990-F
235,49.0,Saint Pierre and Miquelon-1990-F
236,51.1,United States of America-1990-F
237,49.0,Oceania-1990-F
238,49.2,Australia and New Zealand-1990-F
239,49.1,Australia-1990-F
240,50.2,New Zealand-1990-F
241,44.4,Melanesia-1990-F
242,48.5,Fiji-1990-F
243,44.6,New Caledonia-1990-F
244,42.6,Papua New Guinea-1990-F
245,44.4,Solomon Islands-1990-F
246,45.0,Vanuatu-1990-F
247,44.2,Micronesia-1990-F
248,43.6,Guam-1990-F
249,48.8,Kiribati-1990-F
250,37.7,Marshall Islands-1990-F
251,43.0,Micronesia (Federated States of)-1990-F
252,46.5,Nauru-1990-F
253,46.4,Northern Mariana Islands-1990-F
254,35.7,Palau-1990-F
255,44.2,Polynesia-1990-F
256,47.5,American Samoa-1990-F
257,44.2,Cook Islands-1990-F
258,40.2,French Polynesia-1990-F
259,46.9,Niue-1990-F
260,47.2,Samoa-1990-F
261,44.4,Tokelau-1990-F
262,48.9,Tonga-1990-F
263,43.4,Tuvalu-1990-F
264,48.2,Wallis and Futuna Islands-1990-F
265,49.2,WORLD-1995-F
266,51.1,Developed regions-1995-F
267,46.5,Developing regions-1995-F
268,47.6,Least developed countries-1995-F
269,46.3,Less developed regions excluding least developed countries-1995-F
270,47.6,Sub-Saharan Africa-1995-F
271,47.3,Africa-1995-F
272,48.5,Eastern Africa-1995-F
273,51.3,Burundi-1995-F
274,52.6,Comoros-1995-F
275,47.4,Djibouti-1995-F
276,47.2,Eritrea-1995-F
277,47.4,Ethiopia-1995-F
278,47.9,Kenya-1995-F
279,43.8,Madagascar-1995-F
280,51.9,Malawi-1995-F
281,56.9,Mauritius-1995-F
282,44.2,Mayotte-1995-F
283,45.8,Mozambique-1995-F
284,47.2,Réunion-1995-F
285,49.4,Rwanda-1995-F
286,41.3,Seychelles-1995-F
287,47.3,Somalia-1995-F
288,..,South Sudan-1995-F
289,49.4,Uganda-1995-F
290,50.5,United Republic of Tanzania-1995-F
291,48.7,Zambia-1995-F
292,43.0,Zimbabwe-1995-F
293,49.1,Middle Africa-1995-F
294,47.9,Angola-1995-F
295,45.3,Cameroon-1995-F
296,46.9,Central African Republic-1995-F
297,46.1,Chad-1995-F
298,50.0,Congo-1995-F
299,50.4,Democratic Republic of the Congo-1995-F
300,46.8,Equatorial Guinea-1995-F
301,42.9,Gabon-1995-F
302,48.4,Sao Tome and Principe-1995-F
303,46.9,Northern Africa-1995-F
304,45.2,Algeria-1995-F
305,47.0,Egypt-1995-F
306,40.8,Libya-1995-F
307,47.8,Morocco-1995-F
308,50.1,Sudan-1995-F
309,49.7,Tunisia-1995-F
310,44.8,Western Sahara-1995-F
311,40.1,Southern Africa-1995-F
312,41.5,Botswana-1995-F
313,46.9,Lesotho-1995-F
314,46.9,Namibia-1995-F
315,39.1,South Africa-1995-F
316,42.2,Swaziland-1995-F
317,47.0,Western Africa-1995-F
318,46.8,Benin-1995-F
319,51.9,Burkina Faso-1995-F
320,49.0,Cabo Verde-1995-F
321,44.6,Côte d'Ivoire-1995-F
322,45.6,Gambia-1995-F
323,49.6,Ghana-1995-F
324,50.1,Guinea-1995-F
325,50.5,Guinea-Bissau-1995-F
326,46.5,Liberia-1995-F
327,48.4,Mali-1995-F
328,47.5,Mauritania-1995-F
329,52.2,Niger-1995-F
330,44.3,Nigeria-1995-F
331,44.7,Saint Helena-1995-F
332,48.8,Senegal-1995-F
333,43.4,Sierra Leone-1995-F
334,50.1,Togo-1995-F
335,45.9,Asia-1995-F
336,55.3,Central Asia-1995-F
337,54.0,Kazakhstan-1995-F
338,58.2,Kyrgyzstan-1995-F
339,56.4,Tajikistan-1995-F
340,56.6,Turkmenistan-1995-F
341,56.5,Uzbekistan-1995-F
342,51.3,Eastern Asia-1995-F
343,49.6,China-1995-F
344,51.9,"China, Hong Kong Special Administrative Region-1995-F"
345,53.9,"China, Macao Special Administrative Region-1995-F"
346,50.0,Democratic People's Republic of Korea-1995-F
347,51.3,Japan-1995-F
348,46.7,Mongolia-1995-F
349,42.9,Republic of Korea-1995-F
350,48.2,South-Eastern Asia-1995-F
351,43.6,Brunei Darussalam-1995-F
352,50.8,Cambodia-1995-F
353,49.4,Indonesia-1995-F
354,48.1,Lao People's Democratic Republic-1995-F
355,42.9,Malaysia-1995-F
356,45.9,Myanmar-1995-F
357,48.1,Philippines-1995-F
358,54.0,Singapore-1995-F
359,47.4,Thailand-1995-F
360,51.1,Timor-Leste-1995-F
361,45.0,Viet Nam-1995-F
362,45.4,Southern Asia-1995-F
363,45.3,Afghanistan-1995-F
364,13.9,Bangladesh-1995-F
365,18.5,Bhutan-1995-F
366,48.1,India-1995-F
367,41.9,Iran (Islamic Republic of)-1995-F
368,50.1,Maldives-1995-F
369,68.5,Nepal-1995-F
370,46.8,Pakistan-1995-F
371,44.4,Sri Lanka-1995-F
372,41.0,Western Asia-1995-F
373,58.9,Armenia-1995-F
374,56.5,Azerbaijan-1995-F
375,30.0,Bahrain-1995-F
376,55.4,Cyprus-1995-F
377,56.5,Georgia-1995-F
378,42.4,Iraq-1995-F
379,53.7,Israel-1995-F
380,48.9,Jordan-1995-F
381,35.8,Kuwait-1995-F
382,48.9,Lebanon-1995-F
383,22.6,Oman-1995-F
384,25.4,Qatar-1995-F
385,33.3,Saudi Arabia-1995-F
386,54.5,State of Palestine-1995-F
387,49.1,Syrian Arab Republic-1995-F
388,51.2,Turkey-1995-F
389,28.2,United Arab Emirates-1995-F
390,43.0,Yemen-1995-F
391,51.5,Europe-1995-F
392,53.0,Eastern Europe-1995-F
393,54.2,Belarus-1995-F
394,57.9,Bulgaria-1995-F
395,46.7,Czech Republic-1995-F
396,54.3,Hungary-1995-F
397,58.1,Poland-1995-F
398,56.0,Republic of Moldova-1995-F
399,53.1,Romania-1995-F
400,50.3,Russian Federation-1995-F
401,56.0,Slovakia-1995-F
402,57.2,Ukraine-1995-F
403,52.7,Northern Europe-1995-F
404,53.0,Channel Islands-1995-F
405,51.4,Denmark-1995-F
406,56.8,Estonia-1995-F
407,45.7,Faeroe Islands-1995-F
408,50.3,Finland-1995-F
409,55.0,Iceland-1995-F
410,52.4,Ireland-1995-F
411,52.4,Isle of Man-1995-F
412,56.5,Latvia-1995-F
413,53.0,Lithuania-1995-F
414,49.8,Norway-1995-F
415,51.8,Sweden-1995-F
416,52.4,United Kingdom of Great Britain and Northern Ireland-1995-F
417,52.3,Southern Europe-1995-F
418,53.4,Albania-1995-F
419,47.1,Andorra-1995-F
420,52.3,Bosnia and Herzegovina-1995-F
421,53.2,Croatia-1995-F
422,49.9,Gibraltar-1995-F
423,48.1,Greece-1995-F
424,51.5,Holy See-1995-F
425,54.4,Italy-1995-F
426,52.8,Malta-1995-F
427,..,Montenegro-1995-F
428,51.3,Portugal-1995-F
429,47.0,San Marino-1995-F
430,54.1,Serbia-1995-F
431,48.3,Slovenia-1995-F
432,51.1,Spain-1995-F
433,58.3,The former Yugoslav Republic of Macedonia-1995-F
434,48.9,Western Europe-1995-F
435,52.7,Austria-1995-F
436,47.1,Belgium-1995-F
437,50.0,France-1995-F
438,47.8,Germany-1995-F
439,46.9,Liechtenstein-1995-F
440,50.6,Luxembourg-1995-F
441,52.7,Monaco-1995-F
442,50.4,Netherlands-1995-F
443,48.0,Switzerland-1995-F
444,50.0,Latin America and the Caribbean-1995-F
445,48.3,Caribbean-1995-F
446,52.2,Anguilla-1995-F
447,54.2,Antigua and Barbuda-1995-F
448,55.2,Aruba-1995-F
449,47.5,Bahamas-1995-F
450,57.2,Barbados-1995-F
451,55.4,"Bonaire, Sint Eustatius and Saba-1995-F"
452,49.9,British Virgin Islands-1995-F
453,50.0,Cayman Islands-1995-F
454,52.0,Cuba-1995-F
455,..,Curaçao-1995-F
456,48.0,Dominica-1995-F
457,38.5,Dominican Republic-1995-F
458,50.5,Grenada-1995-F
459,51.4,Guadeloupe-1995-F
460,43.7,Haiti-1995-F
461,50.5,Jamaica-1995-F
462,52.2,Martinique-1995-F
463,48.8,Montserrat-1995-F
464,52.5,Puerto Rico-1995-F
465,48.3,Saint Kitts and Nevis-1995-F
466,50.2,Saint Lucia-1995-F
467,51.4,Saint Vincent and the Grenadines-1995-F
468,..,Sint Maarten (Dutch part)-1995-F
469,53.7,Trinidad and Tobago-1995-F
470,48.2,Turks and Caicos Islands-1995-F
471,52.5,United States Virgin Islands-1995-F
472,50.5,Central America-1995-F
473,47.6,Belize-1995-F
474,49.4,Costa Rica-1995-F
475,53.0,El Salvador-1995-F
476,57.2,Guatemala-1995-F
477,49.1,Honduras-1995-F
478,49.9,Mexico-1995-F
479,49.8,Nicaragua-1995-F
480,48.1,Panama-1995-F
481,50.3,South America-1995-F
482,52.8,Argentina-1995-F
483,48.8,Bolivia (Plurinational State of)-1995-F
484,46.6,Brazil-1995-F
485,51.1,Chile-1995-F
486,48.9,Colombia-1995-F
487,49.7,Ecuador-1995-F
488,41.2,Falkland Islands (Malvinas)-1995-F
489,47.4,French Guiana-1995-F
490,46.4,Guyana-1995-F
491,47.5,Paraguay-1995-F
492,50.5,Peru-1995-F
493,45.9,Suriname-1995-F
494,53.5,Uruguay-1995-F
495,49.7,Venezuela (Bolivarian Republic of)-1995-F
496,50.8,Northern America-1995-F
497,51.8,Bermuda-1995-F
498,51.6,Canada-1995-F
499,31.5,Greenland-1995-F
500,48.3,Saint Pierre and Miquelon-1995-F
501,50.7,United States of America-1995-F
502,49.5,Oceania-1995-F
503,49.8,Australia and New Zealand-1995-F
504,49.6,Australia-1995-F
505,50.9,New Zealand-1995-F
506,44.1,Melanesia-1995-F
507,48.3,Fiji-1995-F
508,45.2,New Caledonia-1995-F
509,40.8,Papua New Guinea-1995-F
510,44.3,Solomon Islands-1995-F
511,47.4,Vanuatu-1995-F
512,46.9,Micronesia-1995-F
513,46.0,Guam-1995-F
514,48.8,Kiribati-1995-F
515,38.1,Marshall Islands-1995-F
516,36.6,Micronesia (Federated States of)-1995-F
517,46.4,Nauru-1995-F
518,51.1,Northern Mariana Islands-1995-F
519,40.9,Palau-1995-F
520,44.7,Polynesia-1995-F
521,47.9,American Samoa-1995-F
522,44.3,Cook Islands-1995-F
523,41.2,French Polynesia-1995-F
524,46.5,Niue-1995-F
525,47.8,Samoa-1995-F
526,44.7,Tokelau-1995-F
527,47.5,Tonga-1995-F
528,43.7,Tuvalu-1995-F
529,48.9,Wallis and Futuna Islands-1995-F
530,49.1,WORLD-2000-F
531,51.1,Developed regions-2000-F
532,46.1,Developing regions-2000-F
533,46.8,Least developed countries-2000-F
534,46.0,Less developed regions excluding least developed countries-2000-F
535,47.4,Sub-Saharan Africa-2000-F
536,46.9,Africa-2000-F
537,48.8,Eastern Africa-2000-F
538,51.4,Burundi-2000-F
539,52.8,Comoros-2000-F
540,47.3,Djibouti-2000-F
541,47.1,Eritrea-2000-F
542,47.3,Ethiopia-2000-F
543,50.1,Kenya-2000-F
544,43.6,Madagascar-2000-F
545,52.1,Malawi-2000-F
546,63.3,Mauritius-2000-F
547,48.2,Mayotte-2000-F
548,47.3,Mozambique-2000-F
549,48.1,Réunion-2000-F
550,49.4,Rwanda-2000-F
551,41.6,Seychelles-2000-F
552,47.1,Somalia-2000-F
553,..,South Sudan-2000-F
554,50.5,Uganda-2000-F
555,49.3,United Republic of Tanzania-2000-F
556,49.1,Zambia-2000-F
557,43.0,Zimbabwe-2000-F
558,48.5,Middle Africa-2000-F
559,49.3,Angola-2000-F
560,45.4,Cameroon-2000-F
561,46.9,Central African Republic-2000-F
562,46.1,Chad-2000-F
563,49.9,Congo-2000-F
564,51.0,Democratic Republic of the Congo-2000-F
565,47.0,Equatorial Guinea-2000-F
566,42.9,Gabon-2000-F
567,49.3,Sao Tome and Principe-2000-F
568,44.4,Northern Africa-2000-F
569,45.2,Algeria-2000-F
570,46.8,Egypt-2000-F
571,35.0,Libya-2000-F
572,48.6,Morocco-2000-F
573,49.7,Sudan-2000-F
574,49.2,Tunisia-2000-F
575,44.1,Western Sahara-2000-F
576,40.9,Southern Africa-2000-F
577,42.4,Botswana-2000-F
578,45.9,Lesotho-2000-F
579,46.1,Namibia-2000-F
580,40.1,South Africa-2000-F
581,42.9,Swaziland-2000-F
582,46.9,Western Africa-2000-F
583,46.4,Benin-2000-F
584,51.8,Burkina Faso-2000-F
585,47.8,Cabo Verde-2000-F
586,44.6,Côte d'Ivoire-2000-F
587,46.8,Gambia-2000-F
588,49.2,Ghana-2000-F
589,50.2,Guinea-2000-F
590,50.3,Guinea-Bissau-2000-F
591,45.9,Liberia-2000-F
592,48.4,Mali-2000-F
593,45.7,Mauritania-2000-F
594,52.4,Niger-2000-F
595,44.6,Nigeria-2000-F
596,46.9,Saint Helena-2000-F
597,47.6,Senegal-2000-F
598,44.4,Sierra Leone-2000-F
599,49.9,Togo-2000-F
600,45.6,Asia-2000-F
601,55.3,Central Asia-2000-F
602,54.0,Kazakhstan-2000-F
603,58.2,Kyrgyzstan-2000-F
604,56.1,Tajikistan-2000-F
605,56.9,Turkmenistan-2000-F
606,56.9,Uzbekistan-2000-F
607,52.7,Eastern Asia-2000-F
608,50.0,China-2000-F
609,54.1,"China, Hong Kong Special Administrative Region-2000-F"
610,54.6,"China, Macao Special Administrative Region-2000-F"
611,51.0,Democratic People's Republic of Korea-2000-F
612,52.7,Japan-2000-F
613,44.4,Mongolia-2000-F
614,41.4,Republic of Korea-2000-F
615,49.2,South-Eastern Asia-2000-F
616,44.1,Brunei Darussalam-2000-F
617,51.0,Cambodia-2000-F
618,47.6,Indonesia-2000-F
619,47.3,Lao People's Democratic Republic-2000-F
620,44.2,Malaysia-2000-F
621,46.8,Myanmar-2000-F
622,49.1,Philippines-2000-F
623,55.5,Singapore-2000-F
624,48.5,Thailand-2000-F
625,51.9,Timor-Leste-2000-F
626,42.2,Viet Nam-2000-F
627,44.9,Southern Asia-2000-F
628,43.6,Afghanistan-2000-F
629,13.9,Bangladesh-2000-F
630,18.5,Bhutan-2000-F
631,48.5,India-2000-F
632,40.7,Iran (Islamic Republic of)-2000-F
633,45.0,Maldives-2000-F
634,66.3,Nepal-2000-F
635,46.2,Pakistan-2000-F
636,45.3,Sri Lanka-2000-F
637,40.4,Western Asia-2000-F
638,58.9,Armenia-2000-F
639,56.9,Azerbaijan-2000-F
640,30.9,Bahrain-2000-F
641,56.6,Cyprus-2000-F
642,56.9,Georgia-2000-F
643,42.8,Iraq-2000-F
644,53.9,Israel-2000-F
645,49.0,Jordan-2000-F
646,32.5,Kuwait-2000-F
647,49.0,Lebanon-2000-F
648,21.7,Oman-2000-F
649,23.8,Qatar-2000-F
650,33.2,Saudi Arabia-2000-F
651,54.7,State of Palestine-2000-F
652,48.7,Syrian Arab Republic-2000-F
653,51.9,Turkey-2000-F
654,28.2,United Arab Emirates-2000-F
655,44.5,Yemen-2000-F
656,51.6,Europe-2000-F
657,52.5,Eastern Europe-2000-F
658,54.2,Belarus-2000-F
659,57.9,Bulgaria-2000-F
660,46.0,Czech Republic-2000-F
661,53.5,Hungary-2000-F
662,59.0,Poland-2000-F
663,56.0,Republic of Moldova-2000-F
664,52.4,Romania-2000-F
665,49.7,Russian Federation-2000-F
666,56.0,Slovakia-2000-F
667,57.1,Ukraine-2000-F
668,53.0,Northern Europe-2000-F
669,53.0,Channel Islands-2000-F
670,51.5,Denmark-2000-F
671,59.6,Estonia-2000-F
672,46.5,Faeroe Islands-2000-F
673,50.5,Finland-2000-F
674,54.7,Iceland-2000-F
675,50.7,Ireland-2000-F
676,52.0,Isle of Man-2000-F
677,58.7,Latvia-2000-F
678,53.1,Lithuania-2000-F
679,50.5,Norway-2000-F
680,52.2,Sweden-2000-F
681,52.9,United Kingdom of Great Britain and Northern Ireland-2000-F
682,52.0,Southern Europe-2000-F
683,53.1,Albania-2000-F
684,47.6,Andorra-2000-F
685,52.2,Bosnia and Herzegovina-2000-F
686,53.0,Croatia-2000-F
687,52.0,Gibraltar-2000-F
688,49.6,Greece-2000-F
689,51.8,Holy See-2000-F
690,54.0,Italy-2000-F
691,52.2,Malta-2000-F
692,..,Montenegro-2000-F
693,50.8,Portugal-2000-F
694,46.2,San Marino-2000-F
695,55.2,Serbia-2000-F
696,47.1,Slovenia-2000-F
697,49.4,Spain-2000-F
698,58.3,The former Yugoslav Republic of Macedonia-2000-F
699,50.0,Western Europe-2000-F
700,52.0,Austria-2000-F
701,48.0,Belgium-2000-F
702,50.7,France-2000-F
703,49.9,Germany-2000-F
704,48.5,Liechtenstein-2000-F
705,50.4,Luxembourg-2000-F
706,52.0,Monaco-2000-F
707,50.8,Netherlands-2000-F
708,46.4,Switzerland-2000-F
709,50.1,Latin America and the Caribbean-2000-F
710,48.6,Caribbean-2000-F
711,53.0,Anguilla-2000-F
712,55.3,Antigua and Barbuda-2000-F
713,55.1,Aruba-2000-F
714,46.7,Bahamas-2000-F
715,56.4,Barbados-2000-F
716,55.7,"Bonaire, Sint Eustatius and Saba-2000-F"
717,50.7,British Virgin Islands-2000-F
718,49.6,Cayman Islands-2000-F
719,56.0,Cuba-2000-F
720,..,Curaçao-2000-F
721,47.5,Dominica-2000-F
722,39.3,Dominican Republic-2000-F
723,50.4,Grenada-2000-F
724,52.2,Guadeloupe-2000-F
725,43.2,Haiti-2000-F
726,49.9,Jamaica-2000-F
727,53.3,Martinique-2000-F
728,48.6,Montserrat-2000-F
729,52.5,Puerto Rico-2000-F
730,47.7,Saint Kitts and Nevis-2000-F
731,49.8,Saint Lucia-2000-F
732,51.3,Saint Vincent and the Grenadines-2000-F
733,..,Sint Maarten (Dutch part)-2000-F
734,53.8,Trinidad and Tobago-2000-F
735,48.3,Turks and Caicos Islands-2000-F
736,52.8,United States Virgin Islands-2000-F
737,49.9,Central America-2000-F
738,48.9,Belize-2000-F
739,49.6,Costa Rica-2000-F
740,53.0,El Salvador-2000-F
741,55.9,Guatemala-2000-F
742,48.8,Honduras-2000-F
743,49.7,Mexico-2000-F
744,49.2,Nicaragua-2000-F
745,49.1,Panama-2000-F
746,50.6,South America-2000-F
747,53.4,Argentina-2000-F
748,48.6,Bolivia (Plurinational State of)-2000-F
749,46.5,Brazil-2000-F
750,52.2,Chile-2000-F
751,48.7,Colombia-2000-F
752,49.0,Ecuador-2000-F
753,40.4,Falkland Islands (Malvinas)-2000-F
754,49.3,French Guiana-2000-F
755,46.4,Guyana-2000-F
756,47.9,Paraguay-2000-F
757,50.3,Peru-2000-F
758,45.9,Suriname-2000-F
759,53.8,Uruguay-2000-F
760,49.8,Venezuela (Bolivarian Republic of)-2000-F
761,50.5,Northern America-2000-F
762,51.7,Bermuda-2000-F
763,51.8,Canada-2000-F
764,30.1,Greenland-2000-F
765,48.1,Saint Pierre and Miquelon-2000-F
766,50.3,United States of America-2000-F
767,50.1,Oceania-2000-F
768,50.3,Australia and New Zealand-2000-F
769,50.1,Australia-2000-F
770,51.4,New Zealand-2000-F
771,44.0,Melanesia-2000-F
772,48.1,Fiji-2000-F
773,45.8,New Caledonia-2000-F
774,37.8,Papua New Guinea-2000-F
775,44.1,Solomon Islands-2000-F
776,49.7,Vanuatu-2000-F
777,50.1,Micronesia-2000-F
778,48.3,Guam-2000-F
779,48.0,Kiribati-2000-F
780,38.4,Marshall Islands-2000-F
781,44.8,Micronesia (Federated States of)-2000-F
782,46.4,Nauru-2000-F
783,56.7,Northern Mariana Islands-2000-F
784,38.1,Palau-2000-F
785,45.3,Polynesia-2000-F
786,48.2,American Samoa-2000-F
787,44.3,Cook Islands-2000-F
788,42.0,French Polynesia-2000-F
789,46.2,Niue-2000-F
790,48.3,Samoa-2000-F
791,45.0,Tokelau-2000-F
792,46.2,Tonga-2000-F
793,44.2,Tuvalu-2000-F
794,49.5,Wallis and Futuna Islands-2000-F
795,48.8,WORLD-2005-F
796,51.2,Developed regions-2005-F
797,45.1,Developing regions-2005-F
798,45.2,Least developed countries-2005-F
799,45.1,Less developed regions excluding least developed countries-2005-F
800,46.6,Sub-Saharan Africa-2005-F
801,45.8,Africa-2005-F
802,46.7,Eastern Africa-2005-F
803,50.9,Burundi-2005-F
804,52.4,Comoros-2005-F
805,44.3,Djibouti-2005-F
806,46.0,Eritrea-2005-F
807,47.5,Ethiopia-2005-F
808,48.3,Kenya-2005-F
809,43.4,Madagascar-2005-F
810,52.2,Malawi-2005-F
811,54.5,Mauritius-2005-F
812,50.4,Mayotte-2005-F
813,50.0,Mozambique-2005-F
814,48.6,Réunion-2005-F
815,49.9,Rwanda-2005-F
816,35.3,Seychelles-2005-F
817,46.6,Somalia-2005-F
818,..,South Sudan-2005-F
819,50.6,Uganda-2005-F
820,36.9,United Republic of Tanzania-2005-F
821,49.1,Zambia-2005-F
822,43.0,Zimbabwe-2005-F
823,49.0,Middle Africa-2005-F
824,50.7,Angola-2005-F
825,45.0,Cameroon-2005-F
826,46.8,Central African Republic-2005-F
827,54.6,Chad-2005-F
828,45.6,Congo-2005-F
829,51.5,Democratic Republic of the Congo-2005-F
830,45.9,Equatorial Guinea-2005-F
831,42.9,Gabon-2005-F
832,49.7,Sao Tome and Principe-2005-F
833,40.3,Northern Africa-2005-F
834,45.2,Algeria-2005-F
835,42.2,Egypt-2005-F
836,28.7,Libya-2005-F
837,49.3,Morocco-2005-F
838,49.1,Sudan-2005-F
839,48.6,Tunisia-2005-F
840,42.8,Western Sahara-2005-F
841,41.8,Southern Africa-2005-F
842,44.1,Botswana-2005-F
843,45.9,Lesotho-2005-F
844,46.3,Namibia-2005-F
845,41.2,South Africa-2005-F
846,45.7,Swaziland-2005-F
847,46.8,Western Africa-2005-F
848,45.3,Benin-2005-F
849,52.2,Burkina Faso-2005-F
850,48.6,Cabo Verde-2005-F
851,44.6,Côte d'Ivoire-2005-F
852,47.1,Gambia-2005-F
853,47.7,Ghana-2005-F
854,51.3,Guinea-2005-F
855,50.3,Guinea-Bissau-2005-F
856,41.3,Liberia-2005-F
857,48.5,Mali-2005-F
858,43.9,Mauritania-2005-F
859,52.5,Niger-2005-F
860,44.8,Nigeria-2005-F
861,46.0,Saint Helena-2005-F
862,47.6,Senegal-2005-F
863,46.8,Sierra Leone-2005-F
864,49.4,Togo-2005-F
865,44.6,Asia-2005-F
866,54.0,Central Asia-2005-F
867,52.5,Kazakhstan-2005-F
868,58.6,Kyrgyzstan-2005-F
869,56.7,Tajikistan-2005-F
870,55.7,Turkmenistan-2005-F
871,55.7,Uzbekistan-2005-F
872,52.9,Eastern Asia-2005-F
873,44.0,China-2005-F
874,56.4,"China, Hong Kong Special Administrative Region-2005-F"
875,53.3,"China, Macao Special Administrative Region-2005-F"
876,50.7,Democratic People's Republic of Korea-2005-F
877,54.1,Japan-2005-F
878,34.0,Mongolia-2005-F
879,41.5,Republic of Korea-2005-F
880,48.7,South-Eastern Asia-2005-F
881,43.9,Brunei Darussalam-2005-F
882,49.6,Cambodia-2005-F
883,42.8,Indonesia-2005-F
884,46.3,Lao People's Democratic Republic-2005-F
885,42.2,Malaysia-2005-F
886,46.4,Myanmar-2005-F
887,48.3,Philippines-2005-F
888,55.6,Singapore-2005-F
889,49.8,Thailand-2005-F
890,50.5,Timor-Leste-2005-F
891,39.9,Viet Nam-2005-F
892,45.1,Southern Asia-2005-F
893,43.6,Afghanistan-2005-F
894,13.6,Bangladesh-2005-F
895,18.7,Bhutan-2005-F
896,48.6,India-2005-F
897,45.1,Iran (Islamic Republic of)-2005-F
898,39.9,Maldives-2005-F
899,65.4,Nepal-2005-F
900,46.1,Pakistan-2005-F
901,46.1,Sri Lanka-2005-F
902,38.3,Western Asia-2005-F
903,59.2,Armenia-2005-F
904,55.2,Azerbaijan-2005-F
905,28.6,Bahrain-2005-F
906,57.0,Cyprus-2005-F
907,56.9,Georgia-2005-F
908,39.1,Iraq-2005-F
909,54.1,Israel-2005-F
910,49.1,Jordan-2005-F
911,31.1,Kuwait-2005-F
912,48.4,Lebanon-2005-F
913,20.8,Oman-2005-F
914,22.8,Qatar-2005-F
915,31.3,Saudi Arabia-2005-F
916,55.1,State of Palestine-2005-F
917,48.7,Syrian Arab Republic-2005-F
918,53.1,Turkey-2005-F
919,27.2,United Arab Emirates-2005-F
920,42.5,Yemen-2005-F
921,51.8,Europe-2005-F
922,52.6,Eastern Europe-2005-F
923,54.2,Belarus-2005-F
924,56.5,Bulgaria-2005-F
925,43.7,Czech Republic-2005-F
926,52.5,Hungary-2005-F
927,58.9,Poland-2005-F
928,56.0,Republic of Moldova-2005-F
929,54.4,Romania-2005-F
930,50.2,Russian Federation-2005-F
931,55.0,Slovakia-2005-F
932,57.1,Ukraine-2005-F
933,52.4,Northern Europe-2005-F
934,52.6,Channel Islands-2005-F
935,51.6,Denmark-2005-F
936,59.7,Estonia-2005-F
937,46.5,Faeroe Islands-2005-F
938,49.8,Finland-2005-F
939,51.3,Iceland-2005-F
940,47.4,Ireland-2005-F
941,51.3,Isle of Man-2005-F
942,58.9,Latvia-2005-F
943,53.2,Lithuania-2005-F
944,51.1,Norway-2005-F
945,52.2,Sweden-2005-F
946,52.4,United Kingdom of Great Britain and Northern Ireland-2005-F
947,51.3,Southern Europe-2005-F
948,49.0,Albania-2005-F
949,47.2,Andorra-2005-F
950,52.5,Bosnia and Herzegovina-2005-F
951,53.1,Croatia-2005-F
952,50.9,Gibraltar-2005-F
953,50.6,Greece-2005-F
954,52.3,Holy See-2005-F
955,54.0,Italy-2005-F
956,51.6,Malta-2005-F
957,..,Montenegro-2005-F
958,51.1,Portugal-2005-F
959,45.4,San Marino-2005-F
960,55.8,Serbia-2005-F
961,45.7,Slovenia-2005-F
962,47.9,Spain-2005-F
963,58.3,The former Yugoslav Republic of Macedonia-2005-F
964,51.0,Western Europe-2005-F
965,52.2,Austria-2005-F
966,48.8,Belgium-2005-F
967,51.0,France-2005-F
968,51.3,Germany-2005-F
969,50.1,Liechtenstein-2005-F
970,50.2,Luxembourg-2005-F
971,51.6,Monaco-2005-F
972,51.4,Netherlands-2005-F
973,48.9,Switzerland-2005-F
974,50.3,Latin America and the Caribbean-2005-F
975,48.8,Caribbean-2005-F
976,52.8,Anguilla-2005-F
977,55.3,Antigua and Barbuda-2005-F
978,55.3,Aruba-2005-F
979,48.1,Bahamas-2005-F
980,55.7,Barbados-2005-F
981,55.7,"Bonaire, Sint Eustatius and Saba-2005-F"
982,50.7,British Virgin Islands-2005-F
983,49.2,Cayman Islands-2005-F
984,55.7,Cuba-2005-F
985,..,Curaçao-2005-F
986,47.5,Dominica-2005-F
987,39.3,Dominican Republic-2005-F
988,50.4,Grenada-2005-F
989,53.7,Guadeloupe-2005-F
990,42.8,Haiti-2005-F
991,49.6,Jamaica-2005-F
992,54.6,Martinique-2005-F
993,48.6,Montserrat-2005-F
994,52.6,Puerto Rico-2005-F
995,47.6,Saint Kitts and Nevis-2005-F
996,49.6,Saint Lucia-2005-F
997,51.2,Saint Vincent and the Grenadines-2005-F
998,52.0,Sint Maarten (Dutch part)-2005-F
999,53.9,Trinidad and Tobago-2005-F
1000,48.3,Turks and Caicos Islands-2005-F
1001,52.8,United States Virgin Islands-2005-F
1002,50.1,Central America-2005-F
1003,49.2,Belize-2005-F
1004,50.8,Costa Rica-2005-F
1005,52.7,El Salvador-2005-F
1006,54.5,Guatemala-2005-F
1007,48.2,Honduras-2005-F
1008,49.5,Mexico-2005-F
1009,49.1,Nicaragua-2005-F
1010,49.1,Panama-2005-F
1011,50.8,South America-2005-F
1012,53.7,Argentina-2005-F
1013,48.0,Bolivia (Plurinational State of)-2005-F
1014,46.3,Brazil-2005-F
1015,52.7,Chile-2005-F
1016,48.2,Colombia-2005-F
1017,48.7,Ecuador-2005-F
1018,42.1,Falkland Islands (Malvinas)-2005-F
1019,50.6,French Guiana-2005-F
1020,46.5,Guyana-2005-F
1021,47.9,Paraguay-2005-F
1022,50.0,Peru-2005-F
1023,45.5,Suriname-2005-F
1024,54.3,Uruguay-2005-F
1025,50.0,Venezuela (Bolivarian Republic of)-2005-F
1026,50.3,Northern America-2005-F
1027,51.5,Bermuda-2005-F
1028,52.0,Canada-2005-F
1029,32.0,Greenland-2005-F
1030,48.0,Saint Pierre and Miquelon-2005-F
1031,50.0,United States of America-2005-F
1032,50.4,Oceania-2005-F
1033,50.6,Australia and New Zealand-2005-F
1034,50.4,Australia-2005-F
1035,51.5,New Zealand-2005-F
1036,43.5,Melanesia-2005-F
1037,47.2,Fiji-2005-F
1038,46.0,New Caledonia-2005-F
1039,36.8,Papua New Guinea-2005-F
1040,44.1,Solomon Islands-2005-F
1041,50.1,Vanuatu-2005-F
1042,50.3,Micronesia-2005-F
1043,48.4,Guam-2005-F
1044,47.2,Kiribati-2005-F
1045,38.6,Marshall Islands-2005-F
1046,46.1,Micronesia (Federated States of)-2005-F
1047,46.4,Nauru-2005-F
1048,57.4,Northern Mariana Islands-2005-F
1049,40.1,Palau-2005-F
1050,45.9,Polynesia-2005-F
1051,48.4,American Samoa-2005-F
1052,47.4,Cook Islands-2005-F
1053,43.0,French Polynesia-2005-F
1054,46.0,Niue-2005-F
1055,48.8,Samoa-2005-F
1056,48.4,Tokelau-2005-F
1057,45.9,Tonga-2005-F
1058,44.8,Tuvalu-2005-F
1059,49.5,Wallis and Futuna Islands-2005-F
1060,48.3,WORLD-2010-F
1061,51.7,Developed regions-2010-F
1062,43.3,Developing regions-2010-F
1063,45.5,Least developed countries-2010-F
1064,43.0,Less developed regions excluding least developed countries-2010-F
1065,47.2,Sub-Saharan Africa-2010-F
1066,46.3,Africa-2010-F
1067,49.2,Eastern Africa-2010-F
1068,50.8,Burundi-2010-F
1069,52.0,Comoros-2010-F
1070,47.5,Djibouti-2010-F
1071,45.1,Eritrea-2010-F
1072,47.6,Ethiopia-2010-F
1073,50.4,Kenya-2010-F
1074,43.2,Madagascar-2010-F
1075,52.3,Malawi-2010-F
1076,46.9,Mauritius-2010-F
1077,52.6,Mayotte-2010-F
1078,51.2,Mozambique-2010-F
1079,49.0,Réunion-2010-F
1080,50.0,Rwanda-2010-F
1081,31.7,Seychelles-2010-F
1082,46.2,Somalia-2010-F
1083,48.5,South Sudan-2010-F
1084,50.6,Uganda-2010-F
1085,50.1,United Republic of Tanzania-2010-F
1086,49.4,Zambia-2010-F
1087,43.0,Zimbabwe-2010-F
1088,49.0,Middle Africa-2010-F
1089,51.5,Angola-2010-F
1090,44.6,Cameroon-2010-F
1091,46.8,Central African Republic-2010-F
1092,55.2,Chad-2010-F
1093,45.6,Congo-2010-F
1094,51.7,Democratic Republic of the Congo-2010-F
1095,45.3,Equatorial Guinea-2010-F
1096,42.8,Gabon-2010-F
1097,49.9,Sao Tome and Principe-2010-F
1098,40.4,Northern Africa-2010-F
1099,45.2,Algeria-2010-F
1100,43.8,Egypt-2010-F
1101,28.4,Libya-2010-F
1102,49.6,Morocco-2010-F
1103,49.0,Sudan-2010-F
1104,48.5,Tunisia-2010-F
1105,41.9,Western Sahara-2010-F
1106,42.0,Southern Africa-2010-F
1107,44.8,Botswana-2010-F
1108,45.9,Lesotho-2010-F
1109,46.2,Namibia-2010-F
1110,41.5,South Africa-2010-F
1111,48.0,Swaziland-2010-F
1112,46.6,Western Africa-2010-F
1113,44.5,Benin-2010-F
1114,52.4,Burkina Faso-2010-F
1115,49.3,Cabo Verde-2010-F
1116,44.6,Côte d'Ivoire-2010-F
1117,47.2,Gambia-2010-F
1118,46.1,Ghana-2010-F
1119,50.8,Guinea-2010-F
1120,51.1,Guinea-Bissau-2010-F
1121,42.6,Liberia-2010-F
1122,48.6,Mali-2010-F
1123,42.6,Mauritania-2010-F
1124,52.5,Niger-2010-F
1125,45.0,Nigeria-2010-F
1126,45.2,Saint Helena-2010-F
1127,46.9,Senegal-2010-F
1128,45.4,Sierra Leone-2010-F
1129,49.4,Togo-2010-F
1130,42.0,Asia-2010-F
1131,52.7,Central Asia-2010-F
1132,51.3,Kazakhstan-2010-F
1133,59.2,Kyrgyzstan-2010-F
1134,56.8,Tajikistan-2010-F
1135,54.2,Turkmenistan-2010-F
1136,54.2,Uzbekistan-2010-F
1137,53.0,Eastern Asia-2010-F
1138,40.5,China-2010-F
1139,58.7,"China, Hong Kong Special Administrative Region-2010-F"
1140,54.0,"China, Macao Special Administrative Region-2010-F"
1141,50.5,Democratic People's Republic of Korea-2010-F
1142,55.0,Japan-2010-F
1143,26.0,Mongolia-2010-F
1144,42.9,Republic of Korea-2010-F
1145,48.1,South-Eastern Asia-2010-F
1146,43.6,Brunei Darussalam-2010-F
1147,47.1,Cambodia-2010-F
1148,42.7,Indonesia-2010-F
1149,46.3,Lao People's Democratic Republic-2010-F
1150,40.3,Malaysia-2010-F
1151,45.6,Myanmar-2010-F
1152,48.3,Philippines-2010-F
1153,55.8,Singapore-2010-F
1154,49.6,Thailand-2010-F
1155,41.4,Timor-Leste-2010-F
1156,41.8,Viet Nam-2010-F
1157,44.5,Southern Asia-2010-F
1158,43.6,Afghanistan-2010-F
1159,13.5,Bangladesh-2010-F
1160,18.9,Bhutan-2010-F
1161,48.7,India-2010-F
1162,43.1,Iran (Islamic Republic of)-2010-F
1163,34.8,Maldives-2010-F
1164,67.2,Nepal-2010-F
1165,47.4,Pakistan-2010-F
1166,46.9,Sri Lanka-2010-F
1167,34.8,Western Asia-2010-F
1168,59.2,Armenia-2010-F
1169,53.2,Azerbaijan-2010-F
1170,27.7,Bahrain-2010-F
1171,56.2,Cyprus-2010-F
1172,56.9,Georgia-2010-F
1173,37.8,Iraq-2010-F
1174,54.4,Israel-2010-F
1175,49.2,Jordan-2010-F
1176,30.0,Kuwait-2010-F
1177,47.9,Lebanon-2010-F
1178,19.3,Oman-2010-F
1179,17.2,Qatar-2010-F
1180,29.6,Saudi Arabia-2010-F
1181,55.6,State of Palestine-2010-F
1182,48.9,Syrian Arab Republic-2010-F
1183,54.2,Turkey-2010-F
1184,25.3,United Arab Emirates-2010-F
1185,45.9,Yemen-2010-F
1186,52.1,Europe-2010-F
1187,52.7,Eastern Europe-2010-F
1188,54.2,Belarus-2010-F
1189,55.6,Bulgaria-2010-F
1190,40.7,Czech Republic-2010-F
1191,51.9,Hungary-2010-F
1192,59.2,Poland-2010-F
1193,61.6,Republic of Moldova-2010-F
1194,50.3,Romania-2010-F
1195,50.7,Russian Federation-2010-F
1196,54.3,Slovakia-2010-F
1197,57.0,Ukraine-2010-F
1198,51.9,Northern Europe-2010-F
1199,52.3,Channel Islands-2010-F
1200,51.7,Denmark-2010-F
1201,59.8,Estonia-2010-F
1202,47.0,Faeroe Islands-2010-F
1203,49.5,Finland-2010-F
1204,49.8,Iceland-2010-F
1205,50.7,Ireland-2010-F
1206,50.8,Isle of Man-2010-F
1207,60.3,Latvia-2010-F
1208,56.7,Lithuania-2010-F
1209,49.0,Norway-2010-F
1210,51.4,Sweden-2010-F
1211,51.8,United Kingdom of Great Britain and Northern Ireland-2010-F
1212,51.4,Southern Europe-2010-F
1213,49.0,Albania-2010-F
1214,47.2,Andorra-2010-F
1215,52.3,Bosnia and Herzegovina-2010-F
1216,53.2,Croatia-2010-F
1217,50.1,Gibraltar-2010-F
1218,51.5,Greece-2010-F
1219,52.8,Holy See-2010-F
1220,54.0,Italy-2010-F
1221,49.3,Malta-2010-F
1222,59.7,Montenegro-2010-F
1223,51.3,Portugal-2010-F
1224,44.6,San Marino-2010-F
1225,55.9,Serbia-2010-F
1226,44.3,Slovenia-2010-F
1227,48.4,Spain-2010-F
1228,58.3,The former Yugoslav Republic of Macedonia-2010-F
1229,52.1,Western Europe-2010-F
1230,52.3,Austria-2010-F
1231,49.2,Belgium-2010-F
1232,51.2,France-2010-F
1233,52.4,Germany-2010-F
1234,51.4,Liechtenstein-2010-F
1235,50.1,Luxembourg-2010-F
1236,51.1,Monaco-2010-F
1237,51.9,Netherlands-2010-F
1238,54.8,Switzerland-2010-F
1239,50.3,Latin America and the Caribbean-2010-F
1240,48.8,Caribbean-2010-F
1241,52.7,Anguilla-2010-F
1242,55.4,Antigua and Barbuda-2010-F
1243,55.4,Aruba-2010-F
1244,49.1,Bahamas-2010-F
1245,55.1,Barbados-2010-F
1246,51.7,"Bonaire, Sint Eustatius and Saba-2010-F"
1247,50.7,British Virgin Islands-2010-F
1248,48.8,Cayman Islands-2010-F
1249,55.4,Cuba-2010-F
1250,59.0,Curaçao-2010-F
1251,47.5,Dominica-2010-F
1252,39.4,Dominican Republic-2010-F
1253,50.4,Grenada-2010-F
1254,55.0,Guadeloupe-2010-F
1255,42.6,Haiti-2010-F
1256,49.2,Jamaica-2010-F
1257,55.8,Martinique-2010-F
1258,48.6,Montserrat-2010-F
1259,53.1,Puerto Rico-2010-F
1260,47.5,Saint Kitts and Nevis-2010-F
1261,49.5,Saint Lucia-2010-F
1262,51.2,Saint Vincent and the Grenadines-2010-F
1263,52.0,Sint Maarten (Dutch part)-2010-F
1264,52.0,Trinidad and Tobago-2010-F
1265,48.3,Turks and Caicos Islands-2010-F
1266,52.9,United States Virgin Islands-2010-F
1267,50.0,Central America-2010-F
1268,49.4,Belize-2010-F
1269,51.7,Costa Rica-2010-F
1270,52.5,El Salvador-2010-F
1271,53.4,Guatemala-2010-F
1272,47.6,Honduras-2010-F
1273,49.4,Mexico-2010-F
1274,48.8,Nicaragua-2010-F
1275,48.6,Panama-2010-F
1276,50.9,South America-2010-F
1277,53.9,Argentina-2010-F
1278,47.6,Bolivia (Plurinational State of)-2010-F
1279,46.0,Brazil-2010-F
1280,52.9,Chile-2010-F
1281,47.2,Colombia-2010-F
1282,48.4,Ecuador-2010-F
1283,43.8,Falkland Islands (Malvinas)-2010-F
1284,51.6,French Guiana-2010-F
1285,46.5,Guyana-2010-F
1286,48.0,Paraguay-2010-F
1287,49.8,Peru-2010-F
1288,45.5,Suriname-2010-F
1289,54.8,Uruguay-2010-F
1290,49.8,Venezuela (Bolivarian Republic of)-2010-F
1291,51.1,Northern America-2010-F
1292,51.3,Bermuda-2010-F
1293,52.1,Canada-2010-F
1294,32.4,Greenland-2010-F
1295,47.8,Saint Pierre and Miquelon-2010-F
1296,50.9,United States of America-2010-F
1297,50.3,Oceania-2010-F
1298,50.5,Australia and New Zealand-2010-F
1299,50.3,Australia-2010-F
1300,51.5,New Zealand-2010-F
1301,43.8,Melanesia-2010-F
1302,46.5,Fiji-2010-F
1303,46.2,New Caledonia-2010-F
1304,35.6,Papua New Guinea-2010-F
1305,44.0,Solomon Islands-2010-F
1306,50.3,Vanuatu-2010-F
1307,49.6,Micronesia-2010-F
1308,48.4,Guam-2010-F
1309,47.3,Kiribati-2010-F
1310,38.7,Marshall Islands-2010-F
1311,46.5,Micronesia (Federated States of)-2010-F
1312,46.4,Nauru-2010-F
1313,57.7,Northern Mariana Islands-2010-F
1314,42.2,Palau-2010-F
1315,46.1,Polynesia-2010-F
1316,48.6,American Samoa-2010-F
1317,49.7,Cook Islands-2010-F
1318,43.0,French Polynesia-2010-F
1319,45.9,Niue-2010-F
1320,49.4,Samoa-2010-F
1321,52.0,Tokelau-2010-F
1322,45.7,Tonga-2010-F
1323,44.8,Tuvalu-2010-F
1324,49.5,Wallis and Futuna Islands-2010-F
1325,48.2,WORLD-2015-F
1326,51.9,Developed regions-2015-F
1327,43.3,Developing regions-2015-F
1328,45.9,Least developed countries-2015-F
1329,43.0,Less developed regions excluding least developed countries-2015-F
1330,46.8,Sub-Saharan Africa-2015-F
1331,46.1,Africa-2015-F
1332,49.3,Eastern Africa-2015-F
1333,50.7,Burundi-2015-F
1334,51.6,Comoros-2015-F
1335,47.4,Djibouti-2015-F
1336,44.6,Eritrea-2015-F
1337,49.0,Ethiopia-2015-F
1338,50.0,Kenya-2015-F
1339,43.0,Madagascar-2015-F
1340,52.3,Malawi-2015-F
1341,44.6,Mauritius-2015-F
1342,53.7,Mayotte-2015-F
1343,51.6,Mozambique-2015-F
1344,49.3,Réunion-2015-F
1345,50.2,Rwanda-2015-F
1346,30.0,Seychelles-2015-F
1347,45.6,Somalia-2015-F
1348,48.9,South Sudan-2015-F
1349,50.0,Uganda-2015-F
1350,50.1,United Republic of Tanzania-2015-F
1351,49.6,Zambia-2015-F
1352,43.0,Zimbabwe-2015-F
1353,49.8,Middle Africa-2015-F
1354,51.8,Angola-2015-F
1355,51.1,Cameroon-2015-F
1356,47.1,Central African Republic-2015-F
1357,53.9,Chad-2015-F
1358,45.2,Congo-2015-F
1359,51.5,Democratic Republic of the Congo-2015-F
1360,44.8,Equatorial Guinea-2015-F
1361,42.9,Gabon-2015-F
1362,50.0,Sao Tome and Principe-2015-F
1363,40.8,Northern Africa-2015-F
1364,45.2,Algeria-2015-F
1365,46.1,Egypt-2015-F
1366,28.8,Libya-2015-F
1367,49.8,Morocco-2015-F
1368,49.4,Sudan-2015-F
1369,48.2,Tunisia-2015-F
1370,40.9,Western Sahara-2015-F
1371,40.6,Southern Africa-2015-F
1372,45.3,Botswana-2015-F
1373,45.9,Lesotho-2015-F
1374,46.0,Namibia-2015-F
1375,40.1,South Africa-2015-F
1376,48.2,Swaziland-2015-F
1377,46.6,Western Africa-2015-F
1378,43.9,Benin-2015-F
1379,52.4,Burkina Faso-2015-F
1380,49.4,Cabo Verde-2015-F
1381,44.6,Côte d'Ivoire-2015-F
1382,47.3,Gambia-2015-F
1383,45.6,Ghana-2015-F
1384,50.7,Guinea-2015-F
1385,51.5,Guinea-Bissau-2015-F
1386,43.0,Liberia-2015-F
1387,48.8,Mali-2015-F
1388,41.9,Mauritania-2015-F
1389,52.6,Niger-2015-F
1390,45.1,Nigeria-2015-F
1391,44.5,Saint Helena-2015-F
1392,46.9,Senegal-2015-F
1393,45.2,Sierra Leone-2015-F
1394,49.7,Togo-2015-F
1395,42.0,Asia-2015-F
1396,51.9,Central Asia-2015-F
1397,50.4,Kazakhstan-2015-F
1398,59.6,Kyrgyzstan-2015-F
1399,56.9,Tajikistan-2015-F
1400,53.4,Turkmenistan-2015-F
1401,53.4,Uzbekistan-2015-F
1402,52.9,Eastern Asia-2015-F
1403,38.6,China-2015-F
1404,60.5,"China, Hong Kong Special Administrative Region-2015-F"
1405,54.6,"China, Macao Special Administrative Region-2015-F"
1406,50.2,Democratic People's Republic of Korea-2015-F
1407,55.0,Japan-2015-F
1408,27.0,Mongolia-2015-F
1409,43.9,Republic of Korea-2015-F
1410,48.1,South-Eastern Asia-2015-F
1411,43.4,Brunei Darussalam-2015-F
1412,46.1,Cambodia-2015-F
1413,42.3,Indonesia-2015-F
1414,46.3,Lao People's Democratic Republic-2015-F
1415,39.2,Malaysia-2015-F
1416,45.2,Myanmar-2015-F
1417,48.2,Philippines-2015-F
1418,55.9,Singapore-2015-F
1419,49.7,Thailand-2015-F
1420,41.1,Timor-Leste-2015-F
1421,42.1,Viet Nam-2015-F
1422,45.4,Southern Asia-2015-F
1423,49.4,Afghanistan-2015-F
1424,13.3,Bangladesh-2015-F
1425,18.9,Bhutan-2015-F
1426,48.8,India-2015-F
1427,47.0,Iran (Islamic Republic of)-2015-F
1428,29.7,Maldives-2015-F
1429,69.0,Nepal-2015-F
1430,48.9,Pakistan-2015-F
1431,47.7,Sri Lanka-2015-F
1432,35.6,Western Asia-2015-F
1433,59.5,Armenia-2015-F
1434,52.1,Azerbaijan-2015-F
1435,27.7,Bahrain-2015-F
1436,55.7,Cyprus-2015-F
1437,56.8,Georgia-2015-F
1438,41.5,Iraq-2015-F
1439,54.6,Israel-2015-F
1440,49.6,Jordan-2015-F
1441,34.1,Kuwait-2015-F
1442,51.9,Lebanon-2015-F
1443,18.9,Oman-2015-F
1444,16.1,Qatar-2015-F
1445,31.9,Saudi Arabia-2015-F
1446,55.7,State of Palestine-2015-F
1447,48.9,Syrian Arab Republic-2015-F
1448,48.9,Turkey-2015-F
1449,25.3,United Arab Emirates-2015-F
1450,47.6,Yemen-2015-F
1451,52.4,Europe-2015-F
1452,52.7,Eastern Europe-2015-F
1453,54.2,Belarus-2015-F
1454,53.5,Bulgaria-2015-F
1455,42.8,Czech Republic-2015-F
1456,50.9,Hungary-2015-F
1457,58.5,Poland-2015-F
1458,64.6,Republic of Moldova-2015-F
1459,47.4,Romania-2015-F
1460,50.9,Russian Federation-2015-F
1461,52.8,Slovakia-2015-F
1462,56.9,Ukraine-2015-F
1463,52.1,Northern Europe-2015-F
1464,52.2,Channel Islands-2015-F
1465,51.6,Denmark-2015-F
1466,59.9,Estonia-2015-F
1467,49.3,Faeroe Islands-2015-F
1468,49.1,Finland-2015-F
1469,51.6,Iceland-2015-F
1470,51.3,Ireland-2015-F
1471,50.5,Isle of Man-2015-F
1472,61.0,Latvia-2015-F
1473,58.0,Lithuania-2015-F
1474,47.8,Norway-2015-F
1475,50.6,Sweden-2015-F
1476,52.5,United Kingdom of Great Britain and Northern Ireland-2015-F
1477,53.2,Southern Europe-2015-F
1478,49.0,Albania-2015-F
1479,47.2,Andorra-2015-F
1480,52.3,Bosnia and Herzegovina-2015-F
1481,53.3,Croatia-2015-F
1482,49.5,Gibraltar-2015-F
1483,53.6,Greece-2015-F
1484,53.3,Holy See-2015-F
1485,54.9,Italy-2015-F
1486,47.0,Malta-2015-F
1487,59.4,Montenegro-2015-F
1488,53.5,Portugal-2015-F
1489,45.4,San Marino-2015-F
1490,56.0,Serbia-2015-F
1491,43.0,Slovenia-2015-F
1492,51.2,Spain-2015-F
1493,58.3,The former Yugoslav Republic of Macedonia-2015-F
1494,51.8,Western Europe-2015-F
1495,52.0,Austria-2015-F
1496,48.5,Belgium-2015-F
1497,51.4,France-2015-F
1498,52.4,Germany-2015-F
1499,51.4,Liechtenstein-2015-F
1500,49.4,Luxembourg-2015-F
1501,50.9,Monaco-2015-F
1502,52.4,Netherlands-2015-F
1503,51.0,Switzerland-2015-F
1504,50.4,Latin America and the Caribbean-2015-F
1505,48.7,Caribbean-2015-F
1506,52.6,Anguilla-2015-F
1507,55.4,Antigua and Barbuda-2015-F
1508,55.4,Aruba-2015-F
1509,49.4,Bahamas-2015-F
1510,55.1,Barbados-2015-F
1511,51.6,"Bonaire, Sint Eustatius and Saba-2015-F"
1512,50.7,British Virgin Islands-2015-F
1513,48.8,Cayman Islands-2015-F
1514,55.4,Cuba-2015-F
1515,58.9,Curaçao-2015-F
1516,47.5,Dominica-2015-F
1517,39.4,Dominican Republic-2015-F
1518,50.4,Grenada-2015-F
1519,55.5,Guadeloupe-2015-F
1520,42.4,Haiti-2015-F
1521,49.2,Jamaica-2015-F
1522,56.3,Martinique-2015-F
1523,48.5,Montserrat-2015-F
1524,53.4,Puerto Rico-2015-F
1525,47.4,Saint Kitts and Nevis-2015-F
1526,49.5,Saint Lucia-2015-F
1527,51.1,Saint Vincent and the Grenadines-2015-F
1528,52.1,Sint Maarten (Dutch part)-2015-F
1529,51.2,Trinidad and Tobago-2015-F
1530,48.3,Turks and Caicos Islands-2015-F
1531,52.9,United States Virgin Islands-2015-F
1532,50.0,Central America-2015-F
1533,49.7,Belize-2015-F
1534,52.0,Costa Rica-2015-F
1535,52.4,El Salvador-2015-F
1536,52.7,Guatemala-2015-F
1537,47.2,Honduras-2015-F
1538,49.3,Mexico-2015-F
1539,48.5,Nicaragua-2015-F
1540,48.7,Panama-2015-F
1541,50.9,South America-2015-F
1542,54.0,Argentina-2015-F
1543,47.6,Bolivia (Plurinational State of)-2015-F
1544,46.0,Brazil-2015-F
1545,52.9,Chile-2015-F
1546,46.7,Colombia-2015-F
1547,48.3,Ecuador-2015-F
1548,44.4,Falkland Islands (Malvinas)-2015-F
1549,52.5,French Guiana-2015-F
1550,46.5,Guyana-2015-F
1551,48.0,Paraguay-2015-F
1552,49.6,Peru-2015-F
1553,45.4,Suriname-2015-F
1554,54.8,Uruguay-2015-F
1555,49.9,Venezuela (Bolivarian Republic of)-2015-F
1556,51.2,Northern America-2015-F
1557,51.2,Bermuda-2015-F
1558,52.2,Canada-2015-F
1559,34.2,Greenland-2015-F
1560,47.7,Saint Pierre and Miquelon-2015-F
1561,51.0,United States of America-2015-F
1562,50.6,Oceania-2015-F
1563,50.8,Australia and New Zealand-2015-F
1564,50.7,Australia-2015-F
1565,51.6,New Zealand-2015-F
1566,43.6,Melanesia-2015-F
1567,46.0,Fiji-2015-F
1568,46.1,New Caledonia-2015-F
1569,35.1,Papua New Guinea-2015-F
1570,43.9,Solomon Islands-2015-F
1571,50.3,Vanuatu-2015-F
1572,49.4,Micronesia-2015-F
1573,48.4,Guam-2015-F
1574,47.3,Kiribati-2015-F
1575,38.8,Marshall Islands-2015-F
1576,46.6,Micronesia (Federated States of)-2015-F
1577,40.0,Nauru-2015-F
1578,58.0,Northern Mariana Islands-2015-F
1579,43.3,Palau-2015-F
1580,46.3,Polynesia-2015-F
1581,48.8,American Samoa-2015-F
1582,50.0,Cook Islands-2015-F
1583,43.0,French Polynesia-2015-F
1584,45.8,Niue-2015-F
1585,49.9,Samoa-2015-F
1586,52.2,Tokelau-2015-F
1587,45.4,Tonga-2015-F
1588,44.7,Tuvalu-2015-F
1589,49.5,Wallis and Futuna Islands-2015-F
