,Annual rate of change of the refugee stock,ID
0,-2.12,WORLD-1990-1995-T
1,9.39,Developed regions-1990-1995-T
2,-2.84,Developing regions-1990-1995-T
3,-0.68,Least developed countries-1990-1995-T
4,-4.38,Less developed regions excluding least developed countries-1990-1995-T
5,-0.02,Sub-Saharan Africa-1990-1995-T
6,0.08,Africa-1990-1995-T
7,-5.31,Eastern Africa-1990-1995-T
8,-3.39,Burundi-1990-1995-T
9,..,Comoros-1990-1995-T
10,-9.76,Djibouti-1990-1995-T
11,..,Eritrea-1990-1995-T
12,-5.51,Ethiopia-1990-1995-T
13,42.52,Kenya-1990-1995-T
14,..,Madagascar-1990-1995-T
15,-104.31,Malawi-1990-1995-T
16,..,Mauritius-1990-1995-T
17,..,Mayotte-1990-1995-T
18,-30.14,Mozambique-1990-1995-T
19,..,Réunion-1990-1995-T
20,-6.06,Rwanda-1990-1995-T
21,..,Seychelles-1990-1995-T
22,-68.02,Somalia-1990-1995-T
23,..,South Sudan-1990-1995-T
24,6.51,Uganda-1990-1995-T
25,9.69,United Republic of Tanzania-1990-1995-T
26,1.51,Zambia-1990-1995-T
27,-110.04,Zimbabwe-1990-1995-T
28,12.96,Middle Africa-1990-1995-T
29,-4.46,Angola-1990-1995-T
30,0.87,Cameroon-1990-1995-T
31,38.15,Central African Republic-1990-1995-T
32,..,Chad-1990-1995-T
33,28.25,Congo-1990-1995-T
34,9.05,Democratic Republic of the Congo-1990-1995-T
35,..,Equatorial Guinea-1990-1995-T
36,23.05,Gabon-1990-1995-T
37,..,Sao Tome and Principe-1990-1995-T
38,-3.46,Northern Africa-1990-1995-T
39,3.48,Algeria-1990-1995-T
40,22.07,Egypt-1990-1995-T
41,..,Libya-1990-1995-T
42,-32.67,Morocco-1990-1995-T
43,-2.77,Sudan-1990-1995-T
44,37.90,Tunisia-1990-1995-T
45,..,Western Sahara-1990-1995-T
46,-1.95,Southern Africa-1990-1995-T
47,-38.03,Botswana-1990-1995-T
48,-11.17,Lesotho-1990-1995-T
49,..,Namibia-1990-1995-T
50,5.35,South Africa-1990-1995-T
51,-60.43,Swaziland-1990-1995-T
52,8.72,Western Africa-1990-1995-T
53,18.80,Benin-1990-1995-T
54,3.31,Burkina Faso-1990-1995-T
55,..,Cabo Verde-1990-1995-T
56,12.95,Côte d'Ivoire-1990-1995-T
57,97.73,Gambia-1990-1995-T
58,51.64,Ghana-1990-1995-T
59,1.50,Guinea-1990-1995-T
60,20.65,Guinea-Bissau-1990-1995-T
61,121.62,Liberia-1990-1995-T
62,3.96,Mali-1990-1995-T
63,-6.72,Mauritania-1990-1995-T
64,66.34,Niger-1990-1995-T
65,16.15,Nigeria-1990-1995-T
66,..,Saint Helena-1990-1995-T
67,1.54,Senegal-1990-1995-T
68,-33.19,Sierra Leone-1990-1995-T
69,19.21,Togo-1990-1995-T
70,-3.82,Asia-1990-1995-T
71,54.56,Central Asia-1990-1995-T
72,..,Kazakhstan-1990-1995-T
73,..,Kyrgyzstan-1990-1995-T
74,-27.37,Tajikistan-1990-1995-T
75,..,Turkmenistan-1990-1995-T
76,..,Uzbekistan-1990-1995-T
77,-3.38,Eastern Asia-1990-1995-T
78,-2.95,China-1990-1995-T
79,-13.94,"China, Hong Kong Special Administrative Region-1990-1995-T"
80,..,"China, Macao Special Administrative Region-1990-1995-T"
81,..,Democratic People's Republic of Korea-1990-1995-T
82,-9.45,Japan-1990-1995-T
83,..,Mongolia-1990-1995-T
84,..,Republic of Korea-1990-1995-T
85,-4.12,South-Eastern Asia-1990-1995-T
86,..,Brunei Darussalam-1990-1995-T
87,..,Cambodia-1990-1995-T
88,-43.07,Indonesia-1990-1995-T
89,..,Lao People's Democratic Republic-1990-1995-T
90,3.06,Malaysia-1990-1995-T
91,..,Myanmar-1990-1995-T
92,-70.61,Philippines-1990-1995-T
93,-11.50,Singapore-1990-1995-T
94,-7.22,Thailand-1990-1995-T
95,..,Timor-Leste-1990-1995-T
96,-2.28,Viet Nam-1990-1995-T
97,-7.99,Southern Asia-1990-1995-T
98,128.99,Afghanistan-1990-1995-T
99,99.13,Bangladesh-1990-1995-T
100,..,Bhutan-1990-1995-T
101,15.82,India-1990-1995-T
102,-2.97,Iran (Islamic Republic of)-1990-1995-T
103,..,Maldives-1990-1995-T
104,30.02,Nepal-1990-1995-T
105,-9.47,Pakistan-1990-1995-T
106,1.64,Sri Lanka-1990-1995-T
107,5.57,Western Asia-1990-1995-T
108,..,Armenia-1990-1995-T
109,..,Azerbaijan-1990-1995-T
110,-17.31,Bahrain-1990-1995-T
111,17.27,Cyprus-1990-1995-T
112,..,Georgia-1990-1995-T
113,79.92,Iraq-1990-1995-T
114,..,Israel-1990-1995-T
115,0.06,Jordan-1990-1995-T
116,-41.05,Kuwait-1990-1995-T
117,-0.70,Lebanon-1990-1995-T
118,..,Oman-1990-1995-T
119,..,Qatar-1990-1995-T
120,-19.02,Saudi Arabia-1990-1995-T
121,5.29,State of Palestine-1990-1995-T
122,2.01,Syrian Arab Republic-1990-1995-T
123,-18.21,Turkey-1990-1995-T
124,-7.91,United Arab Emirates-1990-1995-T
125,2.28,Yemen-1990-1995-T
126,13.20,Europe-1990-1995-T
127,-8.55,Eastern Europe-1990-1995-T
128,..,Belarus-1990-1995-T
129,..,Bulgaria-1990-1995-T
130,..,Czech Republic-1990-1995-T
131,-20.61,Hungary-1990-1995-T
132,..,Poland-1990-1995-T
133,..,Republic of Moldova-1990-1995-T
134,..,Romania-1990-1995-T
135,..,Russian Federation-1990-1995-T
136,..,Slovakia-1990-1995-T
137,..,Ukraine-1990-1995-T
138,10.02,Northern Europe-1990-1995-T
139,..,Channel Islands-1990-1995-T
140,4.33,Denmark-1990-1995-T
141,..,Estonia-1990-1995-T
142,..,Faeroe Islands-1990-1995-T
143,15.99,Finland-1990-1995-T
144,18.76,Iceland-1990-1995-T
145,0.60,Ireland-1990-1995-T
146,..,Isle of Man-1990-1995-T
147,..,Latvia-1990-1995-T
148,..,Lithuania-1990-1995-T
149,13.93,Norway-1990-1995-T
150,5.94,Sweden-1990-1995-T
151,12.20,United Kingdom of Great Britain and Northern Ireland-1990-1995-T
152,53.35,Southern Europe-1990-1995-T
153,7.51,Albania-1990-1995-T
154,..,Andorra-1990-1995-T
155,..,Bosnia and Herzegovina-1990-1995-T
156,..,Croatia-1990-1995-T
157,..,Gibraltar-1990-1995-T
158,-18.36,Greece-1990-1995-T
159,..,Holy See-1990-1995-T
160,-9.84,Italy-1990-1995-T
161,..,Malta-1990-1995-T
162,..,Montenegro-1990-1995-T
163,-29.05,Portugal-1990-1995-T
164,..,San Marino-1990-1995-T
165,84.64,Serbia-1990-1995-T
166,..,Slovenia-1990-1995-T
167,-11.32,Spain-1990-1995-T
168,..,The former Yugoslav Republic of Macedonia-1990-1995-T
169,7.15,Western Europe-1990-1995-T
170,0.49,Austria-1990-1995-T
171,4.32,Belgium-1990-1995-T
172,-4.32,France-1990-1995-T
173,6.67,Germany-1990-1995-T
174,..,Liechtenstein-1990-1995-T
175,12.15,Luxembourg-1990-1995-T
176,..,Monaco-1990-1995-T
177,28.19,Netherlands-1990-1995-T
178,12.91,Switzerland-1990-1995-T
179,-23.10,Latin America and the Caribbean-1990-1995-T
180,-14.39,Caribbean-1990-1995-T
181,..,Anguilla-1990-1995-T
182,..,Antigua and Barbuda-1990-1995-T
183,..,Aruba-1990-1995-T
184,..,Bahamas-1990-1995-T
185,..,Barbados-1990-1995-T
186,..,"Bonaire, Sint Eustatius and Saba-1990-1995-T"
187,..,British Virgin Islands-1990-1995-T
188,..,Cayman Islands-1990-1995-T
189,-4.00,Cuba-1990-1995-T
190,..,Curaçao-1990-1995-T
191,..,Dominica-1990-1995-T
192,-21.84,Dominican Republic-1990-1995-T
193,..,Grenada-1990-1995-T
194,..,Guadeloupe-1990-1995-T
195,..,Haiti-1990-1995-T
196,..,Jamaica-1990-1995-T
197,..,Martinique-1990-1995-T
198,..,Montserrat-1990-1995-T
199,..,Puerto Rico-1990-1995-T
200,..,Saint Kitts and Nevis-1990-1995-T
201,..,Saint Lucia-1990-1995-T
202,..,Saint Vincent and the Grenadines-1990-1995-T
203,..,Sint Maarten (Dutch part)-1990-1995-T
204,..,Trinidad and Tobago-1990-1995-T
205,..,Turks and Caicos Islands-1990-1995-T
206,..,United States Virgin Islands-1990-1995-T
207,-19.32,Central America-1990-1995-T
208,-26.82,Belize-1990-1995-T
209,-46.04,Costa Rica-1990-1995-T
210,-10.21,El Salvador-1990-1995-T
211,-3.28,Guatemala-1990-1995-T
212,-2.00,Honduras-1990-1995-T
213,-36.06,Mexico-1990-1995-T
214,-57.11,Nicaragua-1990-1995-T
215,-11.29,Panama-1990-1995-T
216,4.27,South America-1990-1995-T
217,-9.63,Argentina-1990-1995-T
218,18.89,Bolivia (Plurinational State of)-1990-1995-T
219,27.52,Brazil-1990-1995-T
220,1.99,Chile-1990-1995-T
221,-7.54,Colombia-1990-1995-T
222,-3.06,Ecuador-1990-1995-T
223,..,Falkland Islands (Malvinas)-1990-1995-T
224,-15.81,French Guiana-1990-1995-T
225,..,Guyana-1990-1995-T
226,1.65,Paraguay-1990-1995-T
227,-0.25,Peru-1990-1995-T
228,..,Suriname-1990-1995-T
229,9.32,Uruguay-1990-1995-T
230,-1.53,Venezuela (Bolivarian Republic of)-1990-1995-T
231,1.92,Northern America-1990-1995-T
232,..,Bermuda-1990-1995-T
233,-1.39,Canada-1990-1995-T
234,..,Greenland-1990-1995-T
235,..,Saint Pierre and Miquelon-1990-1995-T
236,3.01,United States of America-1990-1995-T
237,-4.62,Oceania-1990-1995-T
238,-5.44,Australia and New Zealand-1990-1995-T
239,-5.25,Australia-1990-1995-T
240,-6.88,New Zealand-1990-1995-T
241,4.62,Melanesia-1990-1995-T
242,..,Fiji-1990-1995-T
243,..,New Caledonia-1990-1995-T
244,5.55,Papua New Guinea-1990-1995-T
245,..,Solomon Islands-1990-1995-T
246,..,Vanuatu-1990-1995-T
247,..,Micronesia-1990-1995-T
248,..,Guam-1990-1995-T
249,..,Kiribati-1990-1995-T
250,..,Marshall Islands-1990-1995-T
251,..,Micronesia (Federated States of)-1990-1995-T
252,..,Nauru-1990-1995-T
253,..,Northern Mariana Islands-1990-1995-T
254,..,Palau-1990-1995-T
255,..,Polynesia-1990-1995-T
256,..,American Samoa-1990-1995-T
257,..,Cook Islands-1990-1995-T
258,..,French Polynesia-1990-1995-T
259,..,Niue-1990-1995-T
260,..,Samoa-1990-1995-T
261,..,Tokelau-1990-1995-T
262,..,Tonga-1990-1995-T
263,..,Tuvalu-1990-1995-T
264,..,Wallis and Futuna Islands-1990-1995-T
265,-3.84,WORLD-1995-2000-T
266,-5.98,Developed regions-1995-2000-T
267,-2.33,Developing regions-1995-2000-T
268,-7.53,Least developed countries-1995-2000-T
269,0.63,Less developed regions excluding least developed countries-1995-2000-T
270,-8.16,Sub-Saharan Africa-1995-2000-T
271,-8.00,Africa-1995-2000-T
272,-3.68,Eastern Africa-1995-2000-T
273,-22.90,Burundi-1995-2000-T
274,14.06,Comoros-1995-2000-T
275,-3.36,Djibouti-1995-2000-T
276,11.24,Eritrea-1995-2000-T
277,-8.19,Ethiopia-1995-2000-T
278,-5.04,Kenya-1995-2000-T
279,..,Madagascar-1995-2000-T
280,27.62,Malawi-1995-2000-T
281,..,Mauritius-1995-2000-T
282,..,Mayotte-1995-2000-T
283,6.59,Mozambique-1995-2000-T
284,..,Réunion-1995-2000-T
285,-4.43,Rwanda-1995-2000-T
286,..,Seychelles-1995-2000-T
287,-2.87,Somalia-1995-2000-T
288,..,South Sudan-1995-2000-T
289,0.62,Uganda-1995-2000-T
290,-0.45,United Republic of Tanzania-1995-2000-T
291,5.83,Zambia-1995-2000-T
292,42.67,Zimbabwe-1995-2000-T
293,-10.55,Middle Africa-1995-2000-T
294,-0.97,Angola-1995-2000-T
295,0.96,Cameroon-1995-2000-T
296,5.66,Central African Republic-1995-2000-T
297,100.37,Chad-1995-2000-T
298,27.67,Congo-1995-2000-T
299,-11.38,Democratic Republic of the Congo-1995-2000-T
300,..,Equatorial Guinea-1995-2000-T
301,57.56,Gabon-1995-2000-T
302,..,Sao Tome and Principe-1995-2000-T
303,-5.50,Northern Africa-1995-2000-T
304,-1.86,Algeria-1995-2000-T
305,3.52,Egypt-1995-2000-T
306,19.12,Libya-1995-2000-T
307,71.86,Morocco-1995-2000-T
308,-4.25,Sudan-1995-2000-T
309,-1.81,Tunisia-1995-2000-T
310,..,Western Sahara-1995-2000-T
311,-16.81,Southern Africa-1995-2000-T
312,44.81,Botswana-1995-2000-T
313,-137.24,Lesotho-1995-2000-T
314,52.66,Namibia-1995-2000-T
315,-38.10,South Africa-1995-2000-T
316,1.19,Swaziland-1995-2000-T
317,-11.95,Western Africa-1995-2000-T
318,5.96,Benin-1995-2000-T
319,1.92,Burkina Faso-1995-2000-T
320,..,Cabo Verde-1995-2000-T
321,-17.26,Côte d'Ivoire-1995-2000-T
322,8.18,Gambia-1995-2000-T
323,-31.59,Ghana-1995-2000-T
324,-2.59,Guinea-1995-2000-T
325,-7.84,Guinea-Bissau-1995-2000-T
326,-4.65,Liberia-1995-2000-T
327,-16.57,Mali-1995-2000-T
328,-82.84,Mauritania-1995-2000-T
329,-119.77,Niger-1995-2000-T
330,-3.25,Nigeria-1995-2000-T
331,..,Saint Helena-1995-2000-T
332,-17.26,Senegal-1995-2000-T
333,-9.61,Sierra Leone-1995-2000-T
334,-3.78,Togo-1995-2000-T
335,1.73,Asia-1995-2000-T
336,19.74,Central Asia-1995-2000-T
337,16.31,Kazakhstan-1995-2000-T
338,19.26,Kyrgyzstan-1995-2000-T
339,67.24,Tajikistan-1995-2000-T
340,-5.45,Turkmenistan-1995-2000-T
341,55.09,Uzbekistan-1995-2000-T
342,-3.07,Eastern Asia-1995-2000-T
343,-2.50,China-1995-2000-T
344,-36.41,"China, Hong Kong Special Administrative Region-1995-2000-T"
345,..,"China, Macao Special Administrative Region-1995-2000-T"
346,..,Democratic People's Republic of Korea-1995-2000-T
347,-10.99,Japan-1995-2000-T
348,..,Mongolia-1995-2000-T
349,-9.92,Republic of Korea-1995-2000-T
350,7.10,South-Eastern Asia-1995-2000-T
351,..,Brunei Darussalam-1995-2000-T
352,7.17,Cambodia-1995-2000-T
353,136.38,Indonesia-1995-2000-T
354,..,Lao People's Democratic Republic-1995-2000-T
355,9.26,Malaysia-1995-2000-T
356,..,Myanmar-1995-2000-T
357,-38.41,Philippines-1995-2000-T
358,..,Singapore-1995-2000-T
359,-9.11,Thailand-1995-2000-T
360,..,Timor-Leste-1995-2000-T
361,-17.41,Viet Nam-1995-2000-T
362,2.73,Southern Asia-1995-2000-T
363,..,Afghanistan-1995-2000-T
364,12.69,Bangladesh-1995-2000-T
365,..,Bhutan-1995-2000-T
366,-4.09,India-1995-2000-T
367,-1.31,Iran (Islamic Republic of)-1995-2000-T
368,..,Maldives-1995-2000-T
369,-0.08,Nepal-1995-2000-T
370,7.57,Pakistan-1995-2000-T
371,0.35,Sri Lanka-1995-2000-T
372,0.76,Western Asia-1995-2000-T
373,6.03,Armenia-1995-2000-T
374,-28.07,Azerbaijan-1995-2000-T
375,-138.85,Bahrain-1995-2000-T
376,5.50,Cyprus-1995-2000-T
377,18.70,Georgia-1995-2000-T
378,0.73,Iraq-1995-2000-T
379,13.21,Israel-1995-2000-T
380,0.04,Jordan-1995-2000-T
381,-7.52,Kuwait-1995-2000-T
382,-0.54,Lebanon-1995-2000-T
383,..,Oman-1995-2000-T
384,..,Qatar-1995-2000-T
385,-18.71,Saudi Arabia-1995-2000-T
386,4.36,State of Palestine-1995-2000-T
387,1.27,Syrian Arab Republic-1995-2000-T
388,-29.44,Turkey-1995-2000-T
389,0.58,United Arab Emirates-1995-2000-T
390,1.48,Yemen-1995-2000-T
391,-4.94,Europe-1995-2000-T
392,12.36,Eastern Europe-1995-2000-T
393,14.89,Belarus-1995-2000-T
394,-3.60,Bulgaria-1995-2000-T
395,-21.49,Czech Republic-1995-2000-T
396,-15.66,Hungary-1995-2000-T
397,13.74,Poland-1995-2000-T
398,..,Republic of Moldova-1995-2000-T
399,44.47,Romania-1995-2000-T
400,..,Russian Federation-1995-2000-T
401,-20.16,Slovakia-1995-2000-T
402,-9.10,Ukraine-1995-2000-T
403,1.82,Northern Europe-1995-2000-T
404,..,Channel Islands-1995-2000-T
405,2.33,Denmark-1995-2000-T
406,18.57,Estonia-1995-2000-T
407,..,Faeroe Islands-1995-2000-T
408,4.55,Finland-1995-2000-T
409,6.25,Iceland-1995-2000-T
410,29.41,Ireland-1995-2000-T
411,..,Isle of Man-1995-2000-T
412,15.67,Latvia-1995-2000-T
413,..,Lithuania-1995-2000-T
414,-4.48,Norway-1995-2000-T
415,-6.13,Sweden-1995-2000-T
416,11.75,United Kingdom of Great Britain and Northern Ireland-1995-2000-T
417,-12.07,Southern Europe-1995-2000-T
418,-45.25,Albania-1995-2000-T
419,..,Andorra-1995-2000-T
420,..,Bosnia and Herzegovina-1995-2000-T
421,-40.79,Croatia-1995-2000-T
422,..,Gibraltar-1995-2000-T
423,2.39,Greece-1995-2000-T
424,..,Holy See-1995-2000-T
425,-11.16,Italy-1995-2000-T
426,-19.54,Malta-1995-2000-T
427,..,Montenegro-1995-2000-T
428,7.13,Portugal-1995-2000-T
429,..,San Marino-1995-2000-T
430,-8.56,Serbia-1995-2000-T
431,-41.00,Slovenia-1995-2000-T
432,-6.16,Spain-1995-2000-T
433,-2.78,The former Yugoslav Republic of Macedonia-1995-2000-T
434,-6.94,Western Europe-1995-2000-T
435,0.38,Austria-1995-2000-T
436,-9.68,Belgium-1995-2000-T
437,-4.00,France-1995-2000-T
438,-10.45,Germany-1995-2000-T
439,..,Liechtenstein-1995-2000-T
440,-0.44,Luxembourg-1995-2000-T
441,..,Monaco-1995-2000-T
442,9.16,Netherlands-1995-2000-T
443,-8.48,Switzerland-1995-2000-T
444,-41.21,Latin America and the Caribbean-1995-2000-T
445,-17.38,Caribbean-1995-2000-T
446,..,Anguilla-1995-2000-T
447,..,Antigua and Barbuda-1995-2000-T
448,..,Aruba-1995-2000-T
449,11.04,Bahamas-1995-2000-T
450,..,Barbados-1995-2000-T
451,..,"Bonaire, Sint Eustatius and Saba-1995-2000-T"
452,..,British Virgin Islands-1995-2000-T
453,..,Cayman Islands-1995-2000-T
454,-11.22,Cuba-1995-2000-T
455,..,Curaçao-1995-2000-T
456,..,Dominica-1995-2000-T
457,-15.06,Dominican Republic-1995-2000-T
458,..,Grenada-1995-2000-T
459,..,Guadeloupe-1995-2000-T
460,..,Haiti-1995-2000-T
461,11.98,Jamaica-1995-2000-T
462,..,Martinique-1995-2000-T
463,..,Montserrat-1995-2000-T
464,..,Puerto Rico-1995-2000-T
465,..,Saint Kitts and Nevis-1995-2000-T
466,..,Saint Lucia-1995-2000-T
467,..,Saint Vincent and the Grenadines-1995-2000-T
468,..,Sint Maarten (Dutch part)-1995-2000-T
469,..,Trinidad and Tobago-1995-2000-T
470,..,Turks and Caicos Islands-1995-2000-T
471,..,United States Virgin Islands-1995-2000-T
472,-39.42,Central America-1995-2000-T
473,0.55,Belize-1995-2000-T
474,-22.82,Costa Rica-1995-2000-T
475,-105.59,El Salvador-1995-2000-T
476,-77.22,Guatemala-1995-2000-T
477,-152.54,Honduras-1995-2000-T
478,-18.02,Mexico-1995-2000-T
479,-13.70,Nicaragua-1995-2000-T
480,5.04,Panama-1995-2000-T
481,-37.93,South America-1995-2000-T
482,-21.73,Argentina-1995-2000-T
483,-15.26,Bolivia (Plurinational State of)-1995-2000-T
484,..,Brazil-1995-2000-T
485,1.06,Chile-1995-2000-T
486,-11.53,Colombia-1995-2000-T
487,-1.79,Ecuador-1995-2000-T
488,..,Falkland Islands (Malvinas)-1995-2000-T
489,..,French Guiana-1995-2000-T
490,..,Guyana-1995-2000-T
491,-18.08,Paraguay-1995-2000-T
492,-0.74,Peru-1995-2000-T
493,..,Suriname-1995-2000-T
494,-9.27,Uruguay-1995-2000-T
495,-49.94,Venezuela (Bolivarian Republic of)-1995-2000-T
496,-7.86,Northern America-1995-2000-T
497,..,Bermuda-1995-2000-T
498,-6.40,Canada-1995-2000-T
499,..,Greenland-1995-2000-T
500,..,Saint Pierre and Miquelon-1995-2000-T
501,-8.12,United States of America-1995-2000-T
502,-3.69,Oceania-1995-2000-T
503,-3.00,Australia and New Zealand-1995-2000-T
504,-3.18,Australia-1995-2000-T
505,2.55,New Zealand-1995-2000-T
506,-9.29,Melanesia-1995-2000-T
507,..,Fiji-1995-2000-T
508,..,New Caledonia-1995-2000-T
509,-4.08,Papua New Guinea-1995-2000-T
510,..,Solomon Islands-1995-2000-T
511,..,Vanuatu-1995-2000-T
512,..,Micronesia-1995-2000-T
513,..,Guam-1995-2000-T
514,..,Kiribati-1995-2000-T
515,..,Marshall Islands-1995-2000-T
516,..,Micronesia (Federated States of)-1995-2000-T
517,..,Nauru-1995-2000-T
518,..,Northern Mariana Islands-1995-2000-T
519,..,Palau-1995-2000-T
520,..,Polynesia-1995-2000-T
521,..,American Samoa-1995-2000-T
522,..,Cook Islands-1995-2000-T
523,..,French Polynesia-1995-2000-T
524,..,Niue-1995-2000-T
525,..,Samoa-1995-2000-T
526,..,Tokelau-1995-2000-T
527,..,Tonga-1995-2000-T
528,..,Tuvalu-1995-2000-T
529,..,Wallis and Futuna Islands-1995-2000-T
530,-5.56,WORLD-2000-2005-T
531,-7.28,Developed regions-2000-2005-T
532,-4.56,Developing regions-2000-2005-T
533,-4.54,Least developed countries-2000-2005-T
534,-4.32,Less developed regions excluding least developed countries-2000-2005-T
535,-6.18,Sub-Saharan Africa-2000-2005-T
536,-5.95,Africa-2000-2005-T
537,-2.49,Eastern Africa-2000-2005-T
538,-11.82,Burundi-2000-2005-T
539,-12.99,Comoros-2000-2005-T
540,-14.24,Djibouti-2000-2005-T
541,14.01,Eritrea-2000-2005-T
542,-10.03,Ethiopia-2000-2005-T
543,2.38,Kenya-2000-2005-T
544,..,Madagascar-2000-2005-T
545,2.64,Malawi-2000-2005-T
546,..,Mauritius-2000-2005-T
547,..,Mayotte-2000-2005-T
548,43.99,Mozambique-2000-2005-T
549,..,Réunion-2000-2005-T
550,9.07,Rwanda-2000-2005-T
551,..,Seychelles-2000-2005-T
552,-3.05,Somalia-2000-2005-T
553,..,South Sudan-2000-2005-T
554,1.10,Uganda-2000-2005-T
555,-0.60,United Republic of Tanzania-2000-2005-T
556,-2.89,Zambia-2000-2005-T
557,2.30,Zimbabwe-2000-2005-T
558,-0.63,Middle Africa-2000-2005-T
559,-3.76,Angola-2000-2005-T
560,-0.22,Cameroon-2000-2005-T
561,-10.99,Central African Republic-2000-2005-T
562,30.67,Chad-2000-2005-T
563,-13.12,Congo-2000-2005-T
564,-6.17,Democratic Republic of the Congo-2000-2005-T
565,..,Equatorial Guinea-2000-2005-T
566,-16.69,Gabon-2000-2005-T
567,..,Sao Tome and Principe-2000-2005-T
568,-10.16,Northern Africa-2000-2005-T
569,-11.32,Algeria-2000-2005-T
570,42.58,Egypt-2000-2005-T
571,-0.89,Libya-2000-2005-T
572,-45.76,Morocco-2000-2005-T
573,-12.88,Sudan-2000-2005-T
574,-7.96,Tunisia-2000-2005-T
575,..,Western Sahara-2000-2005-T
576,-6.87,Southern Africa-2000-2005-T
577,-11.51,Botswana-2000-2005-T
578,-0.39,Lesotho-2000-2005-T
579,-28.03,Namibia-2000-2005-T
580,9.80,South Africa-2000-2005-T
581,-1.47,Swaziland-2000-2005-T
582,-17.78,Western Africa-2000-2005-T
583,1.72,Benin-2000-2005-T
584,-5.14,Burkina Faso-2000-2005-T
585,..,Cabo Verde-2000-2005-T
586,-21.46,Côte d'Ivoire-2000-2005-T
587,-8.07,Gambia-2000-2005-T
588,19.06,Ghana-2000-2005-T
589,-20.28,Guinea-2000-2005-T
590,-0.20,Guinea-Bissau-2000-2005-T
591,-27.29,Liberia-2000-2005-T
592,-0.30,Mali-2000-2005-T
593,11.56,Mauritania-2000-2005-T
594,32.58,Niger-2000-2005-T
595,-1.37,Nigeria-2000-2005-T
596,..,Saint Helena-2000-2005-T
597,0.00,Senegal-2000-2005-T
598,35.89,Sierra Leone-2000-2005-T
599,-13.27,Togo-2000-2005-T
600,-4.04,Asia-2000-2005-T
601,-6.37,Central Asia-2000-2005-T
602,-19.34,Kazakhstan-2000-2005-T
603,-5.35,Kyrgyzstan-2000-2005-T
604,-52.98,Tajikistan-2000-2005-T
605,-2.91,Turkmenistan-2000-2005-T
606,3.84,Uzbekistan-2000-2005-T
607,-2.78,Eastern Asia-2000-2005-T
608,-5.55,China-2000-2005-T
609,-11.31,"China, Hong Kong Special Administrative Region-2000-2005-T"
610,..,"China, Macao Special Administrative Region-2000-2005-T"
611,..,Democratic People's Republic of Korea-2000-2005-T
612,-16.72,Japan-2000-2005-T
613,..,Mongolia-2000-2005-T
614,35.10,Republic of Korea-2000-2005-T
615,-19.90,South-Eastern Asia-2000-2005-T
616,..,Brunei Darussalam-2000-2005-T
617,31.78,Cambodia-2000-2005-T
618,-117.08,Indonesia-2000-2005-T
619,..,Lao People's Democratic Republic-2000-2005-T
620,-14.07,Malaysia-2000-2005-T
621,..,Myanmar-2000-2005-T
622,-7.89,Philippines-2000-2005-T
623,..,Singapore-2000-2005-T
624,-8.67,Thailand-2000-2005-T
625,..,Timor-Leste-2000-2005-T
626,-36.40,Viet Nam-2000-2005-T
627,-8.51,Southern Asia-2000-2005-T
628,..,Afghanistan-2000-2005-T
629,31.58,Bangladesh-2000-2005-T
630,..,Bhutan-2000-2005-T
631,-2.51,India-2000-2005-T
632,-11.09,Iran (Islamic Republic of)-2000-2005-T
633,..,Maldives-2000-2005-T
634,0.66,Nepal-2000-2005-T
635,-6.72,Pakistan-2000-2005-T
636,38.12,Sri Lanka-2000-2005-T
637,0.50,Western Asia-2000-2005-T
638,1.86,Armenia-2000-2005-T
639,-53.33,Azerbaijan-2000-2005-T
640,77.91,Bahrain-2000-2005-T
641,31.94,Cyprus-2000-2005-T
642,-10.16,Georgia-2000-2005-T
643,-9.50,Iraq-2000-2005-T
644,-6.53,Israel-2000-2005-T
645,0.79,Jordan-2000-2005-T
646,-15.36,Kuwait-2000-2005-T
647,0.30,Lebanon-2000-2005-T
648,..,Oman-2000-2005-T
649,-3.82,Qatar-2000-2005-T
650,72.06,Saudi Arabia-2000-2005-T
651,4.19,State of Palestine-2000-2005-T
652,2.10,Syrian Arab Republic-2000-2005-T
653,-5.74,Turkey-2000-2005-T
654,-39.61,United Arab Emirates-2000-2005-T
655,2.55,Yemen-2000-2005-T
656,-7.80,Europe-2000-2005-T
657,-8.39,Eastern Europe-2000-2005-T
658,5.86,Belarus-2000-2005-T
659,15.08,Bulgaria-2000-2005-T
660,0.70,Czech Republic-2000-2005-T
661,5.18,Hungary-2000-2005-T
662,32.80,Poland-2000-2005-T
663,11.30,Republic of Moldova-2000-2005-T
664,1.30,Romania-2000-2005-T
665,-56.56,Russian Federation-2000-2005-T
666,-6.62,Slovakia-2000-2005-T
667,-2.78,Ukraine-2000-2005-T
668,-3.60,Northern Europe-2000-2005-T
669,..,Channel Islands-2000-2005-T
670,-12.73,Denmark-2000-2005-T
671,48.34,Estonia-2000-2005-T
672,..,Faeroe Islands-2000-2005-T
673,-10.52,Finland-2000-2005-T
674,-17.56,Iceland-2000-2005-T
675,9.08,Ireland-2000-2005-T
676,..,Isle of Man-2000-2005-T
677,36.49,Latvia-2000-2005-T
678,46.61,Lithuania-2000-2005-T
679,-6.28,Norway-2000-2005-T
680,-17.12,Sweden-2000-2005-T
681,5.24,United Kingdom of Great Britain and Northern Ireland-2000-2005-T
682,-27.43,Southern Europe-2000-2005-T
683,-31.78,Albania-2000-2005-T
684,..,Andorra-2000-2005-T
685,-14.05,Bosnia and Herzegovina-2000-2005-T
686,-40.53,Croatia-2000-2005-T
687,..,Gibraltar-2000-2005-T
688,-21.29,Greece-2000-2005-T
689,..,Holy See-2000-2005-T
690,10.88,Italy-2000-2005-T
691,43.82,Malta-2000-2005-T
692,..,Montenegro-2000-2005-T
693,-6.90,Portugal-2000-2005-T
694,..,San Marino-2000-2005-T
695,-19.00,Serbia-2000-2005-T
696,-51.21,Slovenia-2000-2005-T
697,-23.40,Spain-2000-2005-T
698,-39.53,The former Yugoslav Republic of Macedonia-2000-2005-T
699,-6.28,Western Europe-2000-2005-T
700,-3.93,Austria-2000-2005-T
701,-4.58,Belgium-2000-2005-T
702,-0.49,France-2000-2005-T
703,-7.87,Germany-2000-2005-T
704,11.26,Liechtenstein-2000-2005-T
705,16.02,Luxembourg-2000-2005-T
706,..,Monaco-2000-2005-T
707,-6.44,Netherlands-2000-2005-T
708,-6.44,Switzerland-2000-2005-T
709,-0.54,Latin America and the Caribbean-2000-2005-T
710,-4.39,Caribbean-2000-2005-T
711,..,Anguilla-2000-2005-T
712,..,Antigua and Barbuda-2000-2005-T
713,..,Aruba-2000-2005-T
714,-13.40,Bahamas-2000-2005-T
715,..,Barbados-2000-2005-T
716,..,"Bonaire, Sint Eustatius and Saba-2000-2005-T"
717,..,British Virgin Islands-2000-2005-T
718,..,Cayman Islands-2000-2005-T
719,-5.83,Cuba-2000-2005-T
720,..,Curaçao-2000-2005-T
721,..,Dominica-2000-2005-T
722,1.59,Dominican Republic-2000-2005-T
723,..,Grenada-2000-2005-T
724,..,Guadeloupe-2000-2005-T
725,..,Haiti-2000-2005-T
726,-4.21,Jamaica-2000-2005-T
727,..,Martinique-2000-2005-T
728,..,Montserrat-2000-2005-T
729,..,Puerto Rico-2000-2005-T
730,..,Saint Kitts and Nevis-2000-2005-T
731,..,Saint Lucia-2000-2005-T
732,..,Saint Vincent and the Grenadines-2000-2005-T
733,..,Sint Maarten (Dutch part)-2000-2005-T
734,..,Trinidad and Tobago-2000-2005-T
735,..,Turks and Caicos Islands-2000-2005-T
736,..,United States Virgin Islands-2000-2005-T
737,-11.63,Central America-2000-2005-T
738,-57.64,Belize-2000-2005-T
739,7.82,Costa Rica-2000-2005-T
740,-3.52,El Salvador-2000-2005-T
741,-13.86,Guatemala-2000-2005-T
742,3.76,Honduras-2000-2005-T
743,-40.48,Mexico-2000-2005-T
744,-10.38,Nicaragua-2000-2005-T
745,34.26,Panama-2000-2005-T
746,25.35,South America-2000-2005-T
747,1.84,Argentina-2000-2005-T
748,5.35,Bolivia (Plurinational State of)-2000-2005-T
749,..,Brazil-2000-2005-T
750,12.34,Chile-2000-2005-T
751,-0.59,Colombia-2000-2005-T
752,42.78,Ecuador-2000-2005-T
753,..,Falkland Islands (Malvinas)-2000-2005-T
754,..,French Guiana-2000-2005-T
755,..,Guyana-2000-2005-T
756,19.47,Paraguay-2000-2005-T
757,1.08,Peru-2000-2005-T
758,9.82,Suriname-2000-2005-T
759,11.65,Uruguay-2000-2005-T
760,21.48,Venezuela (Bolivarian Republic of)-2000-2005-T
761,-6.04,Northern America-2000-2005-T
762,..,Bermuda-2000-2005-T
763,1.28,Canada-2000-2005-T
764,..,Greenland-2000-2005-T
765,..,Saint Pierre and Miquelon-2000-2005-T
766,-8.25,United States of America-2000-2005-T
767,-2.33,Oceania-2000-2005-T
768,-3.54,Australia and New Zealand-2000-2005-T
769,-3.44,Australia-2000-2005-T
770,-2.76,New Zealand-2000-2005-T
771,8.70,Melanesia-2000-2005-T
772,..,Fiji-2000-2005-T
773,..,New Caledonia-2000-2005-T
774,7.13,Papua New Guinea-2000-2005-T
775,..,Solomon Islands-2000-2005-T
776,..,Vanuatu-2000-2005-T
777,..,Micronesia-2000-2005-T
778,..,Guam-2000-2005-T
779,..,Kiribati-2000-2005-T
780,..,Marshall Islands-2000-2005-T
781,..,Micronesia (Federated States of)-2000-2005-T
782,..,Nauru-2000-2005-T
783,..,Northern Mariana Islands-2000-2005-T
784,..,Palau-2000-2005-T
785,..,Polynesia-2000-2005-T
786,..,American Samoa-2000-2005-T
787,..,Cook Islands-2000-2005-T
788,..,French Polynesia-2000-2005-T
789,..,Niue-2000-2005-T
790,..,Samoa-2000-2005-T
791,..,Tokelau-2000-2005-T
792,..,Tonga-2000-2005-T
793,..,Tuvalu-2000-2005-T
794,..,Wallis and Futuna Islands-2000-2005-T
795,-0.03,WORLD-2005-2010-T
796,-5.32,Developed regions-2005-2010-T
797,0.29,Developing regions-2005-2010-T
798,-4.19,Least developed countries-2005-2010-T
799,1.53,Less developed regions excluding least developed countries-2005-2010-T
800,-4.95,Sub-Saharan Africa-2005-2010-T
801,-4.67,Africa-2005-2010-T
802,-6.46,Eastern Africa-2005-2010-T
803,0.85,Burundi-2005-2010-T
804,..,Comoros-2005-2010-T
805,5.40,Djibouti-2005-2010-T
806,-0.12,Eritrea-2005-2010-T
807,6.53,Ethiopia-2005-2010-T
808,5.39,Kenya-2005-2010-T
809,..,Madagascar-2005-2010-T
810,6.42,Malawi-2005-2010-T
811,..,Mauritius-2005-2010-T
812,..,Mayotte-2005-2010-T
813,13.78,Mozambique-2005-2010-T
814,..,Réunion-2005-2010-T
815,1.89,Rwanda-2005-2010-T
816,..,Seychelles-2005-2010-T
817,24.38,Somalia-2005-2010-T
818,..,South Sudan-2005-2010-T
819,-8.57,Uganda-2005-2010-T
820,-13.97,United Republic of Tanzania-2005-2010-T
821,-13.11,Zambia-2005-2010-T
822,-0.26,Zimbabwe-2005-2010-T
823,2.17,Middle Africa-2005-2010-T
824,-2.66,Angola-2005-2010-T
825,11.68,Cameroon-2005-2010-T
826,-2.39,Central African Republic-2005-2010-T
827,1.29,Chad-2005-2010-T
828,8.29,Congo-2005-2010-T
829,-3.00,Democratic Republic of the Congo-2005-2010-T
830,..,Equatorial Guinea-2005-2010-T
831,-1.54,Gabon-2005-2010-T
832,..,Sao Tome and Principe-2005-2010-T
833,-1.55,Northern Africa-2005-2010-T
834,0.22,Algeria-2005-2010-T
835,-0.20,Egypt-2005-2010-T
836,-10.37,Libya-2005-2010-T
837,20.40,Morocco-2005-2010-T
838,-1.75,Sudan-2005-2010-T
839,-4.35,Tunisia-2005-2010-T
840,..,Western Sahara-2005-2010-T
841,2.92,Southern Africa-2005-2010-T
842,-6.97,Botswana-2005-2010-T
843,..,Lesotho-2005-2010-T
844,6.99,Namibia-2005-2010-T
845,3.88,South Africa-2005-2010-T
846,-2.38,Swaziland-2005-2010-T
847,-10.91,Western Africa-2005-2010-T
848,1.03,Benin-2005-2010-T
849,-5.17,Burkina Faso-2005-2010-T
850,..,Cabo Verde-2005-2010-T
851,-10.07,Côte d'Ivoire-2005-2010-T
852,0.51,Gambia-2005-2010-T
853,-29.11,Ghana-2005-2010-T
854,-27.83,Guinea-2005-2010-T
855,-0.15,Guinea-Bissau-2005-2010-T
856,15.21,Liberia-2005-2010-T
857,-1.65,Mali-2005-2010-T
858,67.36,Mauritania-2005-2010-T
859,0.53,Niger-2005-2010-T
860,-7.62,Nigeria-2005-2010-T
861,..,Saint Helena-2005-2010-T
862,-1.87,Senegal-2005-2010-T
863,-30.82,Sierra Leone-2005-2010-T
864,3.74,Togo-2005-2010-T
865,1.01,Asia-2005-2010-T
866,-38.51,Central Asia-2005-2010-T
867,-11.44,Kazakhstan-2005-2010-T
868,-13.71,Kyrgyzstan-2005-2010-T
869,22.63,Tajikistan-2005-2010-T
870,-103.78,Turkmenistan-2005-2010-T
871,-97.31,Uzbekistan-2005-2010-T
872,-2.23,Eastern Asia-2005-2010-T
873,-4.25,China-2005-2010-T
874,-26.50,"China, Hong Kong Special Administrative Region-2005-2010-T"
875,..,"China, Macao Special Administrative Region-2005-2010-T"
876,..,Democratic People's Republic of Korea-2005-2010-T
877,4.57,Japan-2005-2010-T
878,..,Mongolia-2005-2010-T
879,20.16,Republic of Korea-2005-2010-T
880,-2.37,South-Eastern Asia-2005-2010-T
881,..,Brunei Darussalam-2005-2010-T
882,6.45,Cambodia-2005-2010-T
883,12.82,Indonesia-2005-2010-T
884,..,Lao People's Democratic Republic-2005-2010-T
885,10.98,Malaysia-2005-2010-T
886,..,Myanmar-2005-2010-T
887,22.78,Philippines-2005-2010-T
888,12.24,Singapore-2005-2010-T
889,-11.80,Thailand-2005-2010-T
890,-21.43,Timor-Leste-2005-2010-T
891,-7.55,Viet Nam-2005-2010-T
892,6.17,Southern Asia-2005-2010-T
893,102.91,Afghanistan-2005-2010-T
894,9.18,Bangladesh-2005-2010-T
895,..,Bhutan-2005-2010-T
896,7.38,India-2005-2010-T
897,0.49,Iran (Islamic Republic of)-2005-2010-T
898,..,Maldives-2005-2010-T
899,-4.15,Nepal-2005-2010-T
900,6.87,Pakistan-2005-2010-T
901,15.16,Sri Lanka-2005-2010-T
902,-2.03,Western Asia-2005-2010-T
903,-40.43,Armenia-2005-2010-T
904,-10.41,Azerbaijan-2005-2010-T
905,3.99,Bahrain-2005-2010-T
906,22.10,Cyprus-2005-2010-T
907,-32.28,Georgia-2005-2010-T
908,-4.92,Iraq-2005-2010-T
909,55.37,Israel-2005-2010-T
910,0.54,Jordan-2005-2010-T
911,-49.05,Kuwait-2005-2010-T
912,0.25,Lebanon-2005-2010-T
913,44.15,Oman-2005-2010-T
914,-14.19,Qatar-2005-2010-T
915,-126.64,Saudi Arabia-2005-2010-T
916,3.67,State of Palestine-2005-2010-T
917,10.85,Syrian Arab Republic-2005-2010-T
918,27.90,Turkey-2005-2010-T
919,16.83,United Arab Emirates-2005-2010-T
920,6.56,Yemen-2005-2010-T
921,-4.52,Europe-2005-2010-T
922,8.76,Eastern Europe-2005-2010-T
923,4.65,Belarus-2005-2010-T
924,0.06,Bulgaria-2005-2010-T
925,1.64,Czech Republic-2005-2010-T
926,-11.41,Hungary-2005-2010-T
927,26.70,Poland-2005-2010-T
928,13.29,Republic of Moldova-2005-2010-T
929,-15.44,Romania-2005-2010-T
930,24.29,Russian Federation-2005-2010-T
931,2.22,Slovakia-2005-2010-T
932,2.39,Ukraine-2005-2010-T
933,-8.17,Northern Europe-2005-2010-T
934,..,Channel Islands-2005-2010-T
935,-20.88,Denmark-2005-2010-T
936,13.78,Estonia-2005-2010-T
937,..,Faeroe Islands-2005-2010-T
938,-9.56,Finland-2005-2010-T
939,-20.25,Iceland-2005-2010-T
940,0.64,Ireland-2005-2010-T
941,..,Isle of Man-2005-2010-T
942,15.29,Latvia-2005-2010-T
943,12.76,Lithuania-2005-2010-T
944,-8.88,Norway-2005-2010-T
945,-2.18,Sweden-2005-2010-T
946,-9.82,United Kingdom of Great Britain and Northern Ireland-2005-2010-T
947,-7.95,Southern Europe-2005-2010-T
948,5.77,Albania-2005-2010-T
949,..,Andorra-2005-2010-T
950,-4.61,Bosnia and Herzegovina-2005-2010-T
951,-24.22,Croatia-2005-2010-T
952,..,Gibraltar-2005-2010-T
953,-11.36,Greece-2005-2010-T
954,..,Holy See-2005-2010-T
955,12.45,Italy-2005-2010-T
956,17.08,Malta-2005-2010-T
957,..,Montenegro-2005-2010-T
958,1.34,Portugal-2005-2010-T
959,..,San Marino-2005-2010-T
960,-12.20,Serbia-2005-2010-T
961,-0.69,Slovenia-2005-2010-T
962,-15.32,Spain-2005-2010-T
963,-6.00,The former Yugoslav Republic of Macedonia-2005-2010-T
964,-3.70,Western Europe-2005-2010-T
965,-3.71,Austria-2005-2010-T
966,-0.64,Belgium-2005-2010-T
967,6.27,France-2005-2010-T
968,-5.66,Germany-2005-2010-T
969,-13.13,Liechtenstein-2005-2010-T
970,10.00,Luxembourg-2005-2010-T
971,..,Monaco-2005-2010-T
972,-10.19,Netherlands-2005-2010-T
973,-2.46,Switzerland-2005-2010-T
974,38.89,Latin America and the Caribbean-2005-2010-T
975,-2.86,Caribbean-2005-2010-T
976,..,Anguilla-2005-2010-T
977,..,Antigua and Barbuda-2005-2010-T
978,..,Aruba-2005-2010-T
979,-20.19,Bahamas-2005-2010-T
980,..,Barbados-2005-2010-T
981,..,"Bonaire, Sint Eustatius and Saba-2005-2010-T"
982,11.48,British Virgin Islands-2005-2010-T
983,-2.10,Cayman Islands-2005-2010-T
984,-7.47,Cuba-2005-2010-T
985,..,Curaçao-2005-2010-T
986,..,Dominica-2005-2010-T
987,-0.41,Dominican Republic-2005-2010-T
988,..,Grenada-2005-2010-T
989,..,Guadeloupe-2005-2010-T
990,..,Haiti-2005-2010-T
991,-6.60,Jamaica-2005-2010-T
992,..,Martinique-2005-2010-T
993,..,Montserrat-2005-2010-T
994,..,Puerto Rico-2005-2010-T
995,..,Saint Kitts and Nevis-2005-2010-T
996,..,Saint Lucia-2005-2010-T
997,..,Saint Vincent and the Grenadines-2005-2010-T
998,-13.86,Sint Maarten (Dutch part)-2005-2010-T
999,..,Trinidad and Tobago-2005-2010-T
1000,..,Turks and Caicos Islands-2005-2010-T
1001,..,United States Virgin Islands-2005-2010-T
1002,3.05,Central America-2005-2010-T
1003,-33.02,Belize-2005-2010-T
1004,8.52,Costa Rica-2005-2010-T
1005,-3.28,El Salvador-2005-2010-T
1006,-25.78,Guatemala-2005-2010-T
1007,1.91,Honduras-2005-2010-T
1008,-22.95,Mexico-2005-2010-T
1009,-26.66,Nicaragua-2005-2010-T
1010,4.35,Panama-2005-2010-T
1011,54.12,South America-2005-2010-T
1012,6.52,Argentina-2005-2010-T
1013,3.64,Bolivia (Plurinational State of)-2005-2010-T
1014,8.39,Brazil-2005-2010-T
1015,3.98,Chile-2005-2010-T
1016,-3.98,Colombia-2005-2010-T
1017,38.75,Ecuador-2005-2010-T
1018,..,Falkland Islands (Malvinas)-2005-2010-T
1019,..,French Guiana-2005-2010-T
1020,7.42,Guyana-2005-2010-T
1021,14.66,Paraguay-2005-2010-T
1022,4.41,Peru-2005-2010-T
1023,24.42,Suriname-2005-2010-T
1024,8.86,Uruguay-2005-2010-T
1025,119.69,Venezuela (Bolivarian Republic of)-2005-2010-T
1026,-6.47,Northern America-2005-2010-T
1027,..,Bermuda-2005-2010-T
1028,-0.50,Canada-2005-2010-T
1029,..,Greenland-2005-2010-T
1030,..,Saint Pierre and Miquelon-2005-2010-T
1031,-9.57,United States of America-2005-2010-T
1032,-21.87,Oceania-2005-2010-T
1033,-22.59,Australia and New Zealand-2005-2010-T
1034,-22.98,Australia-2005-2010-T
1035,-19.07,New Zealand-2005-2010-T
1036,-15.43,Melanesia-2005-2010-T
1037,-1.42,Fiji-2005-2010-T
1038,..,New Caledonia-2005-2010-T
1039,-11.82,Papua New Guinea-2005-2010-T
1040,..,Solomon Islands-2005-2010-T
1041,..,Vanuatu-2005-2010-T
1042,..,Micronesia-2005-2010-T
1043,..,Guam-2005-2010-T
1044,..,Kiribati-2005-2010-T
1045,..,Marshall Islands-2005-2010-T
1046,..,Micronesia (Federated States of)-2005-2010-T
1047,..,Nauru-2005-2010-T
1048,..,Northern Mariana Islands-2005-2010-T
1049,..,Palau-2005-2010-T
1050,..,Polynesia-2005-2010-T
1051,..,American Samoa-2005-2010-T
1052,..,Cook Islands-2005-2010-T
1053,..,French Polynesia-2005-2010-T
1054,..,Niue-2005-2010-T
1055,..,Samoa-2005-2010-T
1056,..,Tokelau-2005-2010-T
1057,..,Tonga-2005-2010-T
1058,..,Tuvalu-2005-2010-T
1059,..,Wallis and Futuna Islands-2005-2010-T
1060,2.95,WORLD-2010-2015-T
1061,-2.09,Developed regions-2010-2015-T
1062,2.66,Developing regions-2010-2015-T
1063,7.77,Least developed countries-2010-2015-T
1064,1.57,Less developed regions excluding least developed countries-2010-2015-T
1065,5.85,Sub-Saharan Africa-2010-2015-T
1066,6.13,Africa-2010-2015-T
1067,9.06,Eastern Africa-2010-2015-T
1068,5.78,Burundi-2010-2015-T
1069,..,Comoros-2010-2015-T
1070,4.12,Djibouti-2010-2015-T
1071,-10.46,Eritrea-2010-2015-T
1072,16.32,Ethiopia-2010-2015-T
1073,3.14,Kenya-2010-2015-T
1074,..,Madagascar-2010-2015-T
1075,0.60,Malawi-2010-2015-T
1076,..,Mauritius-2010-2015-T
1077,..,Mayotte-2010-2015-T
1078,0.97,Mozambique-2010-2015-T
1079,..,Réunion-2010-2015-T
1080,1.86,Rwanda-2010-2015-T
1081,..,Seychelles-2010-2015-T
1082,4.07,Somalia-2010-2015-T
1083,20.39,South Sudan-2010-2015-T
1084,12.45,Uganda-2010-2015-T
1085,-0.41,United Republic of Tanzania-2010-2015-T
1086,-10.12,Zambia-2010-2015-T
1087,3.88,Zimbabwe-2010-2015-T
1088,1.18,Middle Africa-2010-2015-T
1089,-6.25,Angola-2010-2015-T
1090,13.02,Cameroon-2010-2015-T
1091,-17.91,Central African Republic-2010-2015-T
1092,1.06,Chad-2010-2015-T
1093,-18.61,Congo-2010-2015-T
1094,-5.05,Democratic Republic of the Congo-2010-2015-T
1095,..,Equatorial Guinea-2010-2015-T
1096,-45.63,Gabon-2010-2015-T
1097,..,Sao Tome and Principe-2010-2015-T
1098,8.54,Northern Africa-2010-2015-T
1099,0.21,Algeria-2010-2015-T
1100,10.09,Egypt-2010-2015-T
1101,21.03,Libya-2010-2015-T
1102,9.12,Morocco-2010-2015-T
1103,9.85,Sudan-2010-2015-T
1104,36.75,Tunisia-2010-2015-T
1105,..,Western Sahara-2010-2015-T
1106,1.72,Southern Africa-2010-2015-T
1107,-7.21,Botswana-2010-2015-T
1108,..,Lesotho-2010-2015-T
1109,-29.53,Namibia-2010-2015-T
1110,3.62,South Africa-2010-2015-T
1111,-7.04,Swaziland-2010-2015-T
1112,7.23,Western Africa-2010-2015-T
1113,-72.87,Benin-2010-2015-T
1114,81.02,Burkina Faso-2010-2015-T
1115,..,Cabo Verde-2010-2015-T
1116,-45.19,Côte d'Ivoire-2010-2015-T
1117,5.81,Gambia-2010-2015-T
1118,2.37,Ghana-2010-2015-T
1119,-11.68,Guinea-2010-2015-T
1120,1.29,Guinea-Bissau-2010-2015-T
1121,5.93,Liberia-2010-2015-T
1122,-0.14,Mali-2010-2015-T
1123,12.13,Mauritania-2010-2015-T
1124,97.35,Niger-2010-2015-T
1125,-40.17,Nigeria-2010-2015-T
1126,..,Saint Helena-2010-2015-T
1127,-9.98,Senegal-2010-2015-T
1128,-23.62,Sierra Leone-2010-2015-T
1129,7.49,Togo-2010-2015-T
1130,1.93,Asia-2010-2015-T
1131,-22.22,Central Asia-2010-2015-T
1132,-40.04,Kazakhstan-2010-2015-T
1133,-30.09,Kyrgyzstan-2010-2015-T
1134,-6.70,Tajikistan-2010-2015-T
1135,-10.71,Turkmenistan-2010-2015-T
1136,-16.16,Uzbekistan-2010-2015-T
1137,-1.42,Eastern Asia-2010-2015-T
1138,-2.81,China-2010-2015-T
1139,3.14,"China, Hong Kong Special Administrative Region-2010-2015-T"
1140,..,"China, Macao Special Administrative Region-2010-2015-T"
1141,..,Democratic People's Republic of Korea-2010-2015-T
1142,0.66,Japan-2010-2015-T
1143,-29.58,Mongolia-2010-2015-T
1144,10.50,Republic of Korea-2010-2015-T
1145,2.63,South-Eastern Asia-2010-2015-T
1146,..,Brunei Darussalam-2010-2015-T
1147,-2.25,Cambodia-2010-2015-T
1148,31.74,Indonesia-2010-2015-T
1149,..,Lao People's Democratic Republic-2010-2015-T
1150,2.85,Malaysia-2010-2015-T
1151,..,Myanmar-2010-2015-T
1152,-5.34,Philippines-2010-2015-T
1153,-20.17,Singapore-2010-2015-T
1154,2.48,Thailand-2010-2015-T
1155,..,Timor-Leste-2010-2015-T
1156,..,Viet Nam-2010-2015-T
1157,-0.37,Southern Asia-2010-2015-T
1158,50.50,Afghanistan-2010-2015-T
1159,-0.83,Bangladesh-2010-2015-T
1160,..,Bhutan-2010-2015-T
1161,2.18,India-2010-2015-T
1162,-1.52,Iran (Islamic Republic of)-2010-2015-T
1163,..,Maldives-2010-2015-T
1164,-12.72,Nepal-2010-2015-T
1165,-1.66,Pakistan-2010-2015-T
1166,6.59,Sri Lanka-2010-2015-T
1167,2.61,Western Asia-2010-2015-T
1168,4.28,Armenia-2010-2015-T
1169,-5.54,Azerbaijan-2010-2015-T
1170,10.53,Bahrain-2010-2015-T
1171,3.78,Cyprus-2010-2015-T
1172,7.40,Georgia-2010-2015-T
1173,19.08,Iraq-2010-2015-T
1174,12.14,Israel-2010-2015-T
1175,0.29,Jordan-2010-2015-T
1176,15.58,Kuwait-2010-2015-T
1177,7.24,Lebanon-2010-2015-T
1178,-3.37,Oman-2010-2015-T
1179,15.30,Qatar-2010-2015-T
1180,-4.41,Saudi Arabia-2010-2015-T
1181,1.15,State of Palestine-2010-2015-T
1182,-1.80,Syrian Arab Republic-2010-2015-T
1183,85.80,Turkey-2010-2015-T
1184,-2.94,United Arab Emirates-2010-2015-T
1185,1.06,Yemen-2010-2015-T
1186,-2.43,Europe-2010-2015-T
1187,38.75,Eastern Europe-2010-2015-T
1188,9.16,Belarus-2010-2015-T
1189,8.01,Bulgaria-2010-2015-T
1190,3.55,Czech Republic-2010-2015-T
1191,-14.55,Hungary-2010-2015-T
1192,1.83,Poland-2010-2015-T
1193,14.93,Republic of Moldova-2010-2015-T
1194,5.91,Romania-2010-2015-T
1195,76.60,Russian Federation-2010-2015-T
1196,4.55,Slovakia-2010-2015-T
1197,4.27,Ukraine-2010-2015-T
1198,-6.53,Northern Europe-2010-2015-T
1199,..,Channel Islands-2010-2015-T
1200,-2.48,Denmark-2010-2015-T
1201,16.10,Estonia-2010-2015-T
1202,..,Faeroe Islands-2010-2015-T
1203,0.26,Finland-2010-2015-T
1204,-2.33,Iceland-2010-2015-T
1205,-8.77,Ireland-2010-2015-T
1206,..,Isle of Man-2010-2015-T
1207,21.25,Latvia-2010-2015-T
1208,6.72,Lithuania-2010-2015-T
1209,-4.13,Norway-2010-2015-T
1210,3.09,Sweden-2010-2015-T
1211,-15.05,United Kingdom of Great Britain and Northern Ireland-2010-2015-T
1212,0.68,Southern Europe-2010-2015-T
1213,85.68,Albania-2010-2015-T
1214,..,Andorra-2010-2015-T
1215,1.86,Bosnia and Herzegovina-2010-2015-T
1216,-8.78,Croatia-2010-2015-T
1217,..,Gibraltar-2010-2015-T
1218,39.74,Greece-2010-2015-T
1219,..,Holy See-2010-2015-T
1220,6.03,Italy-2010-2015-T
1221,5.07,Malta-2010-2015-T
1222,-17.53,Montenegro-2010-2015-T
1223,7.00,Portugal-2010-2015-T
1224,..,San Marino-2010-2015-T
1225,-9.94,Serbia-2010-2015-T
1226,-4.21,Slovenia-2010-2015-T
1227,5.29,Spain-2010-2015-T
1228,-8.06,The former Yugoslav Republic of Macedonia-2010-2015-T
1229,-8.10,Western Europe-2010-2015-T
1230,9.19,Austria-2010-2015-T
1231,4.26,Belgium-2010-2015-T
1232,3.00,France-2010-2015-T
1233,-20.83,Germany-2010-2015-T
1234,0.05,Liechtenstein-2010-2015-T
1235,-33.75,Luxembourg-2010-2015-T
1236,..,Monaco-2010-2015-T
1237,-1.61,Netherlands-2010-2015-T
1238,0.15,Switzerland-2010-2015-T
1239,-1.85,Latin America and the Caribbean-2010-2015-T
1240,-2.80,Caribbean-2010-2015-T
1241,..,Anguilla-2010-2015-T
1242,..,Antigua and Barbuda-2010-2015-T
1243,..,Aruba-2010-2015-T
1244,-1.60,Bahamas-2010-2015-T
1245,..,Barbados-2010-2015-T
1246,..,"Bonaire, Sint Eustatius and Saba-2010-2015-T"
1247,5.98,British Virgin Islands-2010-2015-T
1248,36.11,Cayman Islands-2010-2015-T
1249,-5.57,Cuba-2010-2015-T
1250,34.73,Curaçao-2010-2015-T
1251,..,Dominica-2010-2015-T
1252,-0.55,Dominican Republic-2010-2015-T
1253,..,Grenada-2010-2015-T
1254,..,Guadeloupe-2010-2015-T
1255,..,Haiti-2010-2015-T
1256,2.25,Jamaica-2010-2015-T
1257,..,Martinique-2010-2015-T
1258,..,Montserrat-2010-2015-T
1259,..,Puerto Rico-2010-2015-T
1260,..,Saint Kitts and Nevis-2010-2015-T
1261,..,Saint Lucia-2010-2015-T
1262,..,Saint Vincent and the Grenadines-2010-2015-T
1263,21.15,Sint Maarten (Dutch part)-2010-2015-T
1264,-17.32,Trinidad and Tobago-2010-2015-T
1265,..,Turks and Caicos Islands-2010-2015-T
1266,..,United States Virgin Islands-2010-2015-T
1267,-2.24,Central America-2010-2015-T
1268,-54.90,Belize-2010-2015-T
1269,0.32,Costa Rica-2010-2015-T
1270,-2.48,El Salvador-2010-2015-T
1271,0.65,Guatemala-2010-2015-T
1272,11.82,Honduras-2010-2015-T
1273,1.29,Mexico-2010-2015-T
1274,23.46,Nicaragua-2010-2015-T
1275,-3.21,Panama-2010-2015-T
1276,-2.10,South America-2010-2015-T
1277,-2.63,Argentina-2010-2015-T
1278,-2.50,Bolivia (Plurinational State of)-2010-2015-T
1279,3.75,Brazil-2010-2015-T
1280,-3.24,Chile-2010-2015-T
1281,2.55,Colombia-2010-2015-T
1282,-3.35,Ecuador-2010-2015-T
1283,..,Falkland Islands (Malvinas)-2010-2015-T
1284,..,French Guiana-2010-2015-T
1285,5.87,Guyana-2010-2015-T
1286,3.69,Paraguay-2010-2015-T
1287,-0.16,Peru-2010-2015-T
1288,-22.92,Suriname-2010-2015-T
1289,2.83,Uruguay-2010-2015-T
1290,-0.76,Venezuela (Bolivarian Republic of)-2010-2015-T
1291,-1.53,Northern America-2010-2015-T
1292,..,Bermuda-2010-2015-T
1293,-2.87,Canada-2010-2015-T
1294,..,Greenland-2010-2015-T
1295,..,Saint Pierre and Miquelon-2010-2015-T
1296,-1.15,United States of America-2010-2015-T
1297,7.80,Oceania-2010-2015-T
1298,8.83,Australia and New Zealand-2010-2015-T
1299,9.86,Australia-2010-2015-T
1300,-11.81,New Zealand-2010-2015-T
1301,-0.27,Melanesia-2010-2015-T
1302,50.71,Fiji-2010-2015-T
1303,..,New Caledonia-2010-2015-T
1304,0.14,Papua New Guinea-2010-2015-T
1305,..,Solomon Islands-2010-2015-T
1306,-15.13,Vanuatu-2010-2015-T
1307,..,Micronesia-2010-2015-T
1308,..,Guam-2010-2015-T
1309,..,Kiribati-2010-2015-T
1310,..,Marshall Islands-2010-2015-T
1311,..,Micronesia (Federated States of)-2010-2015-T
1312,..,Nauru-2010-2015-T
1313,..,Northern Mariana Islands-2010-2015-T
1314,..,Palau-2010-2015-T
1315,..,Polynesia-2010-2015-T
1316,..,American Samoa-2010-2015-T
1317,..,Cook Islands-2010-2015-T
1318,..,French Polynesia-2010-2015-T
1319,..,Niue-2010-2015-T
1320,..,Samoa-2010-2015-T
1321,..,Tokelau-2010-2015-T
1322,..,Tonga-2010-2015-T
1323,..,Tuvalu-2010-2015-T
1324,..,Wallis and Futuna Islands-2010-2015-T
